,Titles,Companies,Locations,Links,Ratings,Salaries,Descriptions,Urgent Hiring,time,date
0,Business Analyst,Mirum Digital Pvt. Ltd.,"Mumbai, Maharashtra",https://in.indeed.com/rc/clk?jk=7fedabcef27ecf16&fccid=30584d7fcc702043&vjs=3,None,"₹7,00,000 a year","Effective project management and multi-assignment handling skills.
Seasoned and diverse experience with business analysis.
May lead various ad hoc projects.",none,20:50:31,21-01-11
1,Business Analyst - Strategy Office,Avanse Financial Services Private Limited,None,https://in.indeed.com/pagead/clk?mo=r&ad=-6NYlbfkN0DBScxUsGKJbglgFW18obImVav_d76RXoH538NsDCU5vB0biVSJF-68kVfR4CpkN1MSL2-JGD70XgSh5XiB_t4fZ_30pXaKrGfEIo-ofgKGyTvojBcjeSFDEMksr6imUDFpX0be8OEkjmy32JUfWBJMibwVzYcN2fYWW1uhThIu4uQXP4Uie7K0xO_KX2L8a3BecL7xzK-9Fq0MHwTt-M_tmLanUgVLsL1oIaU2PrlqB-c8uDxEvpFZq0ZdeE54302wkdCr9yJT07o5z6myk2cneY09x81Urig4TZFsw8qjtwPWKDPHyGYK4j0UqfsfWiUCZ-dbXmcpJahF4lh6CqY4CMxIUhfmSNlDIjW3uwbPQjluBf899GBBqueykbIUzLDo-rsa1YQ325rcmzHdqJGt_AJhv98fSxVu_l8D-PyXyfweSSeL2szL0GLEjmCmh1rfB7WrSPYigirCv-zgWxicp6zpToljWx-0tALsS9RCU2KBon3HdQOZ&p=1&fvj=1&vjs=3,None,None,"As a business analyst, you will be a leading contributor in the implementation of various projects in Data Collections team.
Self-directed and detail-oriented.",none,20:50:31,21-01-11
2,Analyst - Business Consulting Risk - TMT - Risk Assurance -...,Ernst & Young,"Mumbai, Maharashtra",https://in.indeed.com/rc/clk?jk=8d97437977fb020f&fccid=1544766d4c2915b0&vjs=3,4.0,None,"Business analyst: 2 years (Preferred).
Translate business needs into requirement documents.
Interact directly with our internal users to gather requirements and…",none,20:50:31,21-01-11
3,Newgen Software Technologies - Business Analyst,Newgen Software Technologies,"Mumbai, Maharashtra",https://in.indeed.com/company/Newgen-Software-Technologies/jobs/-c2f5936bca9e994a?fccid=51ced1d299e17acc&vjs=3,3.5,None,"Understanding the use cases and process details and coming up with business solutions.
Understand the client process and associated data to help the project…",none,20:50:32,21-01-11
4,Business Analyst,Datamatics,"Mumbai, Maharashtra",https://in.indeed.com/rc/clk?jk=2dd3f14eee66e617&fccid=ae827edc39fda956&vjs=3,3.5,None,"This structure encourages legal teams and businesses and staff areas to discuss legal, regulatory and business developments effectively and in a timely manner.",none,20:50:32,21-01-11
5,Business Analyst – Calypso,PRIFFY,"Mumbai, Maharashtra",https://in.indeed.com/rc/clk?jk=d37549ed63b4a60a&fccid=b9fe1b8ceb4baa7f&vjs=3,None,None,"Liaise with multiple stakeholders to drive projects to improve control and efficiency of the system Responsible for analyzing, structuring and solving select…",none,20:50:32,21-01-11
6,SR. BUSINESS ANALYST : SBA,C2L Biz,"Mumbai, Maharashtra",https://in.indeed.com/rc/clk?jk=f08c06c151d631e8&fccid=ea7c9ea4eb24b5b3&vjs=3,None,None,"Evaluate alternative solutions to business problems and select preferred solution & justify the selections.
Work with business and IT staff to enable thorough…",none,20:50:33,21-01-11
7,Business Analyst,Angel broking,"Mumbai, Maharashtra",https://in.indeed.com/rc/clk?jk=87fd316bad6ab4a1&fccid=f6e4f733fd239093&vjs=3,3.8,None,"Strive to provide the best solution to the clients, even if that means foregoing proﬁts.
High business impact: You value integrity and derive great personal joy…",none,20:50:33,21-01-11
8,Business Analyst,Ishatva Management Solutions,"Mumbai, Maharashtra",https://in.indeed.com/company/Ishatva-Management-Solutions/jobs/Business-Analyst-1f9e57aa14f775c7?fccid=700da7b77b1a7efc&vjs=3,None,"₹5,00,000 - ₹6,00,000 a year","What will you do (Job Description)?
Play the pivotal role of understanding and gathering project requirements and help the technology team to understand and…",none,20:50:33,21-01-11
9,Business Analyst,Galentic Technologies Private Limited,"Mumbai, Maharashtra",https://in.indeed.com/company/Galentic-Technology-pvt-ltd/jobs/Business-Analyst-9294e49cb15c4e29?fccid=24b90d98bcb768c9&vjs=3,None,None,Review work done by sub-ordinates (if any) and provide qualitative inputs before submission of deliverables to seniors/client (as the case may be).,none,20:50:33,21-01-11
10,Sr. Analyst - Business Operations,Tata Communications,"Mumbai, Maharashtra",https://in.indeed.com/rc/clk?jk=886b952b08677976&fccid=e53a1e83cfcd06ef&vjs=3,4.1,None,Responsibilities: Business Analysis Requirement Gathering Scope Management Change Management FSD Documentation Communication Planning Requirement Gathering…,none,20:50:34,21-01-11
11,Business Analyst Payments,Angel broking,"Mumbai, Maharashtra",https://in.indeed.com/rc/clk?jk=18444dd0887c86a1&fccid=f6e4f733fd239093&vjs=3,3.8,None,"Reporting in to Head Banking Operations and Transformation, this department works with all businesses of the bank including retail, small business and corporate…",none,20:50:34,21-01-11
12,Business Analyst,Dentsu Aegis Network,"Mumbai, Maharashtra",https://in.indeed.com/rc/clk?jk=75a22742be805bd2&fccid=9834e576343ebcc2&vjs=3,3.7,None,"Meet and interact with customers to capture and translate business requirements to technical requirements.
Experience- 1 Yrs to 3 Yrs.",none,20:50:34,21-01-11
13,Specialist Business Analyst,Angel broking,"Mumbai, Maharashtra",https://in.indeed.com/rc/clk?jk=2540fe86a4b5f69d&fccid=f6e4f733fd239093&vjs=3,3.8,None,Person will be responsible for documenting client requirements and also creating a business blueprint document which will be shared with client and project…,none,20:50:34,21-01-11
14,Business Analyst,Upstox,"Mumbai, Maharashtra",https://in.indeed.com/rc/clk?jk=30832240e3e308cc&fccid=6b65aa2cd00f1062&vjs=3,None,None,"A wide degree of business / product knowledge, technology savvy, and people skills.
6-10 years of experience in business management, business reporting or risk…",none,20:50:35,21-01-11
15,Business Analyst I,"JPMorgan Chase Bank, N.A.","Mumbai, Maharashtra",https://in.indeed.com/rc/clk?jk=c72f8910eece0d31&fccid=aaf3b433897ea465&vjs=3,3.9,None,"Evaluate alternative solutions to business problems and select preferred solution & justify the selections.
Work with business and IT staff to enable thorough…",none,20:50:37,21-01-11
16,Business Analyst,Morningstar,"Mumbai, Maharashtra",https://in.indeed.com/rc/clk?jk=24dabee9aad56b1c&fccid=eaabf52abd909bd5&vjs=3,3.9,None,"Strive to provide the best solution to the clients, even if that means foregoing proﬁts.
High business impact: You value integrity and derive great personal joy…",none,20:50:37,21-01-11
17,Business Analyst - Speech Analytics,Sitel,"Mumbai, Maharashtra",https://in.indeed.com/rc/clk?jk=dbf3cd77cac827bd&fccid=9f7d74606c717e15&vjs=3,3.5,None,"What will you do (Job Description)?
Play the pivotal role of understanding and gathering project requirements and help the technology team to understand and…",none,20:50:37,21-01-11
18,Business Analyst | 2 - 5 years | Thane,Applied Cloud Computing Pvt. Ltd.,"Mumbai, Maharashtra",https://in.indeed.com/company/Applied-Cloud-Computing/jobs/Business-Analyst-d28221adf441db8a?fccid=4262594b1cad1667&vjs=3,None,"₹2,50,000 a year",Review work done by sub-ordinates (if any) and provide qualitative inputs before submission of deliverables to seniors/client (as the case may be).,Urgently hiring,20:50:38,21-01-11
19,Business Data Analyst / Business Systems Analyst,"JPMorgan Chase Bank, N.A.","Mumbai, Maharashtra",https://in.indeed.com/rc/clk?jk=de3b5c23bb95f4ca&fccid=aaf3b433897ea465&vjs=3,3.9,None,Responsibilities: Business Analysis Requirement Gathering Scope Management Change Management FSD Documentation Communication Planning Requirement Gathering…,none,20:50:38,21-01-11
20,Business Analyst - West,Udaan,"Mumbai, Maharashtra",https://in.indeed.com/rc/clk?jk=bea757000db1851b&fccid=3c4b50d9382a2eea&vjs=3,3.9,None,"Reporting in to Head Banking Operations and Transformation, this department works with all businesses of the bank including retail, small business and corporate…",none,20:50:38,21-01-11
21,IT-Business System Analyst,Axis Bank,"Mumbai, Maharashtra",https://in.indeed.com/company/Axis-Bank/jobs/IT-Business-System-Analyst-d256832e17c047a2?fccid=ebe92c1659c8371b&vjs=3,4.0,"₹6,00,000 - ₹8,00,000 a year","Meet and interact with customers to capture and translate business requirements to technical requirements.
Experience- 1 Yrs to 3 Yrs.",none,20:50:38,21-01-11
22,Business Analyst,Ambab,"Mumbai, Maharashtra",https://in.indeed.com/rc/clk?jk=01bfbac2fed21933&fccid=c6bf9d739125dc16&vjs=3,None,None,Person will be responsible for documenting client requirements and also creating a business blueprint document which will be shared with client and project…,none,20:50:39,21-01-11
23,Business Analyst,Growisto,"Mumbai, Maharashtra",https://in.indeed.com/rc/clk?jk=189928ab8837b577&fccid=70b39beac603df99&vjs=3,None,None,"A wide degree of business / product knowledge, technology savvy, and people skills.
6-10 years of experience in business management, business reporting or risk…",none,20:50:39,21-01-11
24,Business Analyst Manager - IT,Procter & Gamble,"Mumbai, Maharashtra",https://in.indeed.com/rc/clk?jk=7ad69479599e52ce&fccid=2da0dedf6df97194&vjs=3,4.2,None,"Business analysis: 3 years (Required).
The purpose of this role is mainly manage the business analysis and the co-ordination with different departments,…",none,20:50:39,21-01-11
25,BIU Business Analyst,Axis Bank,"Mumbai, Maharashtra",https://in.indeed.com/company/Axis-Bank/jobs/Biu-Business-Analyst-24a2db91f965005a?fccid=ebe92c1659c8371b&vjs=3,4.0,"₹5,00,000 a year","The incumbent will be required to multi-task, conceptualize effective strategies, help create feasibility reports and execute new projects.",none,20:50:39,21-01-11
26,Business Analyst - Data Science,Sitel,"Mumbai, Maharashtra",https://in.indeed.com/rc/clk?jk=251aab5f0777f30e&fccid=9f7d74606c717e15&vjs=3,3.5,None,"Support the build-out of performance reporting dashboards that scales with our global business.
They will ensure the business understands the effects of a new…",none,20:50:40,21-01-11
27,Business Analyst,Idealake Information Technologies,"Mumbai, Maharashtra",https://in.indeed.com/rc/clk?jk=72746c7f14a5f712&fccid=6474a770275d33e0&vjs=3,3.4,None,"Good multi-tasking skills with ability to manage and prioritize projects across cross-functional groups.
We recognize that our people are our strength and the…",none,20:50:40,21-01-11
28,Analyst - Business Consulting Risk - CHS - Risk Assurance -...,EY,"Mumbai, Maharashtra",https://in.indeed.com/rc/clk?jk=4bc4676a57e8d7d7&fccid=1544766d4c2915b0&vjs=3,4.0,None,Ability to advise the business on best practise in the SAP MM and SRM modules while making sure the solution meet the business needs.,none,20:50:40,21-01-11
29,Business Analyst,UBS,"Mumbai, Maharashtra",https://in.indeed.com/rc/clk?jk=04c9204acf221c9a&fccid=1c76c3a36f6c7557&vjs=3,3.9,None,"Take charge of assignments independently.
Ability to handle pressure and finish assignments on time.
Should be willing to travel.",none,20:50:40,21-01-11
30,Business Analyst I,"JPMorgan Chase Bank, N.A.","Mumbai, Maharashtra",https://in.indeed.com/rc/clk?jk=c72f8910eece0d31&fccid=aaf3b433897ea465&vjs=3,3.9,None,"Creating a detailed business analysis, outlining problems, opportunities and solutions for a business.
Preferable if the candidate has :",none,20:50:41,21-01-11
31,Business Analyst,Morningstar,"Mumbai, Maharashtra",https://in.indeed.com/rc/clk?jk=24dabee9aad56b1c&fccid=eaabf52abd909bd5&vjs=3,3.9,None,"As part of the core delivery team of Quantiphi, you will be responsible for managing the delivery and execution of projects in a B2B environment for…",none,20:50:41,21-01-11
32,Business Analyst - Speech Analytics,Sitel,"Mumbai, Maharashtra",https://in.indeed.com/rc/clk?jk=dbf3cd77cac827bd&fccid=9f7d74606c717e15&vjs=3,3.5,None,"Resource Management(Managing team members for different projects).
Team Building (Team members grooming and awareness for new technologies for them).",none,20:50:41,21-01-11
33,Business Analyst | 2 - 5 years | Thane,Applied Cloud Computing Pvt. Ltd.,"Mumbai, Maharashtra",https://in.indeed.com/company/Applied-Cloud-Computing/jobs/Business-Analyst-d28221adf441db8a?fccid=4262594b1cad1667&vjs=3,None,"₹2,50,000 a year","Outstanding analytical skills; able to resolve business problems with well- structured analyses.
Understand the different Bayzat modules and provide business…",Urgently hiring,20:50:41,21-01-11
34,Business Data Analyst / Business Systems Analyst,"JPMorgan Chase Bank, N.A.","Mumbai, Maharashtra",https://in.indeed.com/rc/clk?jk=de3b5c23bb95f4ca&fccid=aaf3b433897ea465&vjs=3,3.9,None,"Sr.No IAM Function Location Grade Type of Emp Nos.
Business Analyst Pune B2 to C2 Sub-Con 12.
Strong Stakeholder management, ability to drive projects…",none,20:50:42,21-01-11
35,Business Analyst - West,Udaan,"Mumbai, Maharashtra",https://in.indeed.com/rc/clk?jk=bea757000db1851b&fccid=3c4b50d9382a2eea&vjs=3,3.9,None,"Ability to understand different business verticals.
Knowledge of B2B, B2C, C2C business practices.
Analyze all aspects of clients’ business operations to map…",none,20:50:42,21-01-11
36,IT-Business System Analyst,Axis Bank,"Mumbai, Maharashtra",https://in.indeed.com/company/Axis-Bank/jobs/IT-Business-System-Analyst-d256832e17c047a2?fccid=ebe92c1659c8371b&vjs=3,4.0,"₹6,00,000 - ₹8,00,000 a year","The business management team also prepares business strategies for the entire Credit business globally.
Ad-hoc customized analysis as required by the business…",none,20:50:42,21-01-11
37,Business Analyst,Ambab,"Mumbai, Maharashtra",https://in.indeed.com/rc/clk?jk=01bfbac2fed21933&fccid=c6bf9d739125dc16&vjs=3,None,None,"Required Freshers with minimum First Class.
Basic programming skills on web technologies.
Willing to undertake 6 months technological internship.",none,20:50:42,21-01-11
38,Business Analyst,Growisto,"Mumbai, Maharashtra",https://in.indeed.com/rc/clk?jk=189928ab8837b577&fccid=70b39beac603df99&vjs=3,None,None,"We look for people who want to bring their best — bold thinkers with big hearts who challenge one other and grow together.
But we do more than that.",none,20:50:42,21-01-11
39,Business Analyst Manager - IT,Procter & Gamble,"Mumbai, Maharashtra",https://in.indeed.com/rc/clk?jk=7ad69479599e52ce&fccid=2da0dedf6df97194&vjs=3,4.2,None,"Knowledge Service Center (KSC) supports global businesses of the Bank with solutions requiring judgment application, sound business understanding and analytical…",none,20:50:42,21-01-11
40,BIU Business Analyst,Axis Bank,"Mumbai, Maharashtra",https://in.indeed.com/company/Axis-Bank/jobs/Biu-Business-Analyst-24a2db91f965005a?fccid=ebe92c1659c8371b&vjs=3,4.0,"₹5,00,000 a year","Knowledge of data management and business intelligence methodologies.
Are you are interested in learning about healthcare and the medical sector, while working…",none,20:50:42,21-01-11
41,Business Analyst - Data Science,Sitel,"Mumbai, Maharashtra",https://in.indeed.com/rc/clk?jk=251aab5f0777f30e&fccid=9f7d74606c717e15&vjs=3,3.5,None,Experience in the development and execution of the sales process to close the business deal through the executive contacts with the target.,none,20:50:43,21-01-11
42,Business Analyst,Idealake Information Technologies,"Mumbai, Maharashtra",https://in.indeed.com/rc/clk?jk=72746c7f14a5f712&fccid=6474a770275d33e0&vjs=3,3.4,None,Work closely with managers across organization to understand business requirements and work on solutions to ensure business questions are properly answered.,none,20:50:43,21-01-11
43,Analyst - Business Consulting Risk - CHS - Risk Assurance -...,EY,"Mumbai, Maharashtra",https://in.indeed.com/rc/clk?jk=4bc4676a57e8d7d7&fccid=1544766d4c2915b0&vjs=3,4.0,None,"Looking for candidate must have experience in business analysis,business implementation,Payment domain (SWIFT & SEPA), different message format ,ISO 20022.",none,20:50:43,21-01-11
44,Business Analyst,UBS,"Mumbai, Maharashtra",https://in.indeed.com/rc/clk?jk=04c9204acf221c9a&fccid=1c76c3a36f6c7557&vjs=3,3.9,None,"Elicit business requirements from stakeholders.
Strong knowledge of business analysis.
Ability to multi task and liaise with multiple stakeholders.",none,20:50:43,21-01-11
45,Business Analyst I,"JPMorgan Chase Bank, N.A.","Mumbai, Maharashtra",https://in.indeed.com/rc/clk?jk=c72f8910eece0d31&fccid=aaf3b433897ea465&vjs=3,3.9,None,"We recruit the best people and create small project teams, resulting in great chemistry between our teams and our customers that can solve even the toughest…",none,20:50:43,21-01-11
46,Business Analyst,Morningstar,"Mumbai, Maharashtra",https://in.indeed.com/rc/clk?jk=24dabee9aad56b1c&fccid=eaabf52abd909bd5&vjs=3,3.9,None,"EClerx employs 9,500-plus people across its global sites in the US, UK, India, Italy, Germany, Singapore and Thailand.
Conduct RPA High Level Assessments.",none,20:50:43,21-01-11
47,Business Analyst - Speech Analytics,Sitel,"Mumbai, Maharashtra",https://in.indeed.com/rc/clk?jk=dbf3cd77cac827bd&fccid=9f7d74606c717e15&vjs=3,3.5,None,"Domain: Capital Market/Wealth Management.
Good experience in Business Analyst.
Strong Expertise in Documentation skills and reports.",none,20:50:44,21-01-11
48,Business Analyst | 2 - 5 years | Thane,Applied Cloud Computing Pvt. Ltd.,"Mumbai, Maharashtra",https://in.indeed.com/company/Applied-Cloud-Computing/jobs/Business-Analyst-d28221adf441db8a?fccid=4262594b1cad1667&vjs=3,None,"₹2,50,000 a year","Work experience as a data analyst.
Provide quality assurance of imported data, working with quality assurance if necessary.",Urgently hiring,20:50:44,21-01-11
49,Business Data Analyst / Business Systems Analyst,"JPMorgan Chase Bank, N.A.","Mumbai, Maharashtra",https://in.indeed.com/rc/clk?jk=de3b5c23bb95f4ca&fccid=aaf3b433897ea465&vjs=3,3.9,None,"Assess how well a product adheres to its design standards, as well as its usability and ability to meet business needs.
Great Attitude and passion for learning.",none,20:50:44,21-01-11
50,Business Analyst - West,Udaan,"Mumbai, Maharashtra",https://in.indeed.com/rc/clk?jk=bea757000db1851b&fccid=3c4b50d9382a2eea&vjs=3,3.9,None,Good business and/or systems analysis skills and proven track record of delivering within deadlines with the ability to prioritize projects.,none,20:50:44,21-01-11
51,IT-Business System Analyst,Axis Bank,"Mumbai, Maharashtra",https://in.indeed.com/company/Axis-Bank/jobs/IT-Business-System-Analyst-d256832e17c047a2?fccid=ebe92c1659c8371b&vjs=3,4.0,"₹6,00,000 - ₹8,00,000 a year","Ability to translate business requirements into functional requirements.
Work with cross-functional teams, and other IT and business stakeholders, to ensure the…",none,20:50:44,21-01-11
52,Business Analyst,Ambab,"Mumbai, Maharashtra",https://in.indeed.com/rc/clk?jk=01bfbac2fed21933&fccid=c6bf9d739125dc16&vjs=3,None,None,"Skill Sets: Business Analyst BA,, Documentation, Capital Market, Requirement Gathering.
Job Details: • Candidates should have experience in Capital Market…",none,20:50:44,21-01-11
53,Business Analyst,Growisto,"Mumbai, Maharashtra",https://in.indeed.com/rc/clk?jk=189928ab8837b577&fccid=70b39beac603df99&vjs=3,None,None,"Helps with the creation of the business requirement documents (BRD).
Works with clients to discover, analyze and document client business requirements, and…",none,20:50:45,21-01-11
54,Business Analyst Manager - IT,Procter & Gamble,"Mumbai, Maharashtra",https://in.indeed.com/rc/clk?jk=7ad69479599e52ce&fccid=2da0dedf6df97194&vjs=3,4.2,None,"3+ years working as a consultant or business analyst.
And if you think you can be a good fit, we’d love for you to get to know us, so you can understand who to…",none,20:50:45,21-01-11
55,BIU Business Analyst,Axis Bank,"Mumbai, Maharashtra",https://in.indeed.com/company/Axis-Bank/jobs/Biu-Business-Analyst-24a2db91f965005a?fccid=ebe92c1659c8371b&vjs=3,4.0,"₹5,00,000 a year","Define specifications and business requirements for web, desktop & mobile applications.
Group Company: Angel Broking Limited.
Strong knowledge of SDLC process.",none,20:50:45,21-01-11
56,Business Analyst - Data Science,Sitel,"Mumbai, Maharashtra",https://in.indeed.com/rc/clk?jk=251aab5f0777f30e&fccid=9f7d74606c717e15&vjs=3,3.5,None,"Creating and managing reports in Microsoft Power BI.
Create the data models / data structures for efficient utilization of data for the reports.",none,20:50:45,21-01-11
57,Business Analyst,Idealake Information Technologies,"Mumbai, Maharashtra",https://in.indeed.com/rc/clk?jk=72746c7f14a5f712&fccid=6474a770275d33e0&vjs=3,3.4,None,"Reviews and edits requirements, specifications, business processes and recommendations related to proposed solution.
Expert in Microsoft Office applications.",none,20:50:45,21-01-11
58,Analyst - Business Consulting Risk - CHS - Risk Assurance -...,EY,"Mumbai, Maharashtra",https://in.indeed.com/rc/clk?jk=4bc4676a57e8d7d7&fccid=1544766d4c2915b0&vjs=3,4.0,None,The main focus is on the business performance measurement and analytics solution and how they impact the business outcomes for our clients.,none,20:50:45,21-01-11
59,Business Analyst,UBS,"Mumbai, Maharashtra",https://in.indeed.com/rc/clk?jk=04c9204acf221c9a&fccid=1c76c3a36f6c7557&vjs=3,3.9,None,"Monitor and recommend improvement to sales plans to achieve allkey business objectives.
Develop and implement an operational plan for reservation and provide…",none,20:50:45,21-01-11
60,Business Analyst I,"JPMorgan Chase Bank, N.A.","Mumbai, Maharashtra",https://in.indeed.com/rc/clk?jk=c72f8910eece0d31&fccid=aaf3b433897ea465&vjs=3,3.9,None,"In this roleyou will beable to adapt in ever-evolving Regulatory change space, has ability to learn quickly and create high quality deliverables in a timely…",none,20:50:46,21-01-11
61,Business Analyst,Morningstar,"Mumbai, Maharashtra",https://in.indeed.com/rc/clk?jk=24dabee9aad56b1c&fccid=eaabf52abd909bd5&vjs=3,3.9,None,"High degree of business acumen preferably in the Equity Research domain and competency in sell side platforms.
MBA would be preferred.",none,20:50:46,21-01-11
62,Business Analyst - Speech Analytics,Sitel,"Mumbai, Maharashtra",https://in.indeed.com/rc/clk?jk=dbf3cd77cac827bd&fccid=9f7d74606c717e15&vjs=3,3.5,None,"We require an enthusiastic and talented person.
Should have excellent communication and documentation skills.
Should have worked on Retail domain.",none,20:50:46,21-01-11
63,Business Analyst | 2 - 5 years | Thane,Applied Cloud Computing Pvt. Ltd.,"Mumbai, Maharashtra",https://in.indeed.com/company/Applied-Cloud-Computing/jobs/Business-Analyst-d28221adf441db8a?fccid=4262594b1cad1667&vjs=3,None,"₹2,50,000 a year","Strong organization and writing skills, Experience developing graphic representations of business and project processes.",Urgently hiring,20:50:46,21-01-11
64,Business Data Analyst / Business Systems Analyst,"JPMorgan Chase Bank, N.A.","Mumbai, Maharashtra",https://in.indeed.com/rc/clk?jk=de3b5c23bb95f4ca&fccid=aaf3b433897ea465&vjs=3,3.9,None,"Overall 4-6 years of experience in either IT or in one of the industries (Banking/ Telco, c)Minimum 2-4 years of experience as BA , broad understanding of one…",none,20:50:46,21-01-11
65,Business Analyst - West,Udaan,"Mumbai, Maharashtra",https://in.indeed.com/rc/clk?jk=bea757000db1851b&fccid=3c4b50d9382a2eea&vjs=3,3.9,None,"Development of technical solutions to business problem.
Skill Sets: Business Analyst, BA, Documentation, Capital Market, Requirement Gathering, Derivative,…",none,20:50:46,21-01-11
66,IT-Business System Analyst,Axis Bank,"Mumbai, Maharashtra",https://in.indeed.com/company/Axis-Bank/jobs/IT-Business-System-Analyst-d256832e17c047a2?fccid=ebe92c1659c8371b&vjs=3,4.0,"₹6,00,000 - ₹8,00,000 a year","Understand and execute the Pelican business rule language (lisp syntax based).
Pelican is a leading provider of payment and compliance solutions to corporates…",none,20:50:47,21-01-11
67,Business Analyst,Ambab,"Mumbai, Maharashtra",https://in.indeed.com/rc/clk?jk=01bfbac2fed21933&fccid=c6bf9d739125dc16&vjs=3,None,None,"This includes unfiltered access to our C-Suite and regular updates about the business and its performance.
Ability to understand business problems and translate…",none,20:50:47,21-01-11
68,Business Analyst,Growisto,"Mumbai, Maharashtra",https://in.indeed.com/rc/clk?jk=189928ab8837b577&fccid=70b39beac603df99&vjs=3,None,None,"Experience in developing requirements and formulating business metrics for reporting, familiarity.
Candidates with a Minimum 2+ years of experience in Analytics…",none,20:50:47,21-01-11
69,Business Analyst Manager - IT,Procter & Gamble,"Mumbai, Maharashtra",https://in.indeed.com/rc/clk?jk=7ad69479599e52ce&fccid=2da0dedf6df97194&vjs=3,4.2,None,"Exceptional leadership qualities - team and people skills.
Needs to be able to think strategically and also understand business and industry trends.",none,20:50:47,21-01-11
70,BIU Business Analyst,Axis Bank,"Mumbai, Maharashtra",https://in.indeed.com/company/Axis-Bank/jobs/Biu-Business-Analyst-24a2db91f965005a?fccid=ebe92c1659c8371b&vjs=3,4.0,"₹5,00,000 a year","Ability to understand the business process and flows.
Very good understanding of out of box capabilities of Salesforce ( Sales Cloud, Service Cloud, Marketing…",none,20:50:47,21-01-11
71,Business Analyst - Data Science,Sitel,"Mumbai, Maharashtra",https://in.indeed.com/rc/clk?jk=251aab5f0777f30e&fccid=9f7d74606c717e15&vjs=3,3.5,None,"Ï'· Ability to understand business requirements and convert them into detailed use cases.
Ï'· Strong CRM knowledge is essential.",none,20:50:47,21-01-11
72,Business Analyst,Idealake Information Technologies,"Mumbai, Maharashtra",https://in.indeed.com/rc/clk?jk=72746c7f14a5f712&fccid=6474a770275d33e0&vjs=3,3.4,None,Be responsible for providing multi-disciplinary teams with user stories and coaching to define the business driven acceptance criteria and test cases.,none,20:50:48,21-01-11
73,Analyst - Business Consulting Risk - CHS - Risk Assurance -...,EY,"Mumbai, Maharashtra",https://in.indeed.com/rc/clk?jk=4bc4676a57e8d7d7&fccid=1544766d4c2915b0&vjs=3,4.0,None,"Good time management and multi-tasking skills.
TresVista’s support functions include business plan development, all aspects of fund administration, portfolio…",none,20:50:48,21-01-11
74,Business Analyst,UBS,"Mumbai, Maharashtra",https://in.indeed.com/rc/clk?jk=04c9204acf221c9a&fccid=1c76c3a36f6c7557&vjs=3,3.9,None,"Ability to multi-task and work in a fast pace environment & to enforce to strict timelines.
Working with technology partners to define the functional and…",none,20:50:48,21-01-11
75,Business Analyst I,"JPMorgan Chase Bank, N.A.","Mumbai, Maharashtra",https://in.indeed.com/rc/clk?jk=c72f8910eece0d31&fccid=aaf3b433897ea465&vjs=3,3.9,None,Conducting analysis of functional business processes and applicable business requirements and drive the development of user stories as a member of an Agile…,none,20:50:48,21-01-11
76,Business Analyst,Morningstar,"Mumbai, Maharashtra",https://in.indeed.com/rc/clk?jk=24dabee9aad56b1c&fccid=eaabf52abd909bd5&vjs=3,3.9,None,"Four years of Business Intelligence or Data Analysis, Data Analytics, or Dashboards experience or equivalent combination of education and Experience.",none,20:50:48,21-01-11
77,Business Analyst - Speech Analytics,Sitel,"Mumbai, Maharashtra",https://in.indeed.com/rc/clk?jk=dbf3cd77cac827bd&fccid=9f7d74606c717e15&vjs=3,3.5,None,"Ability to grasp business requirements and convert them into functional specifications for the IT development team.
Impact Analysis and Risk Analysis.",none,20:50:48,21-01-11
78,Business Analyst | 2 - 5 years | Thane,Applied Cloud Computing Pvt. Ltd.,"Mumbai, Maharashtra",https://in.indeed.com/company/Applied-Cloud-Computing/jobs/Business-Analyst-d28221adf441db8a?fccid=4262594b1cad1667&vjs=3,None,"₹2,50,000 a year","Understand business requirements for OTC Derivative businesses lines like Credit, Equity, FX and Rates.
Act as liaison between technology and the business to…",Urgently hiring,20:50:49,21-01-11
79,Business Data Analyst / Business Systems Analyst,"JPMorgan Chase Bank, N.A.","Mumbai, Maharashtra",https://in.indeed.com/rc/clk?jk=de3b5c23bb95f4ca&fccid=aaf3b433897ea465&vjs=3,3.9,None,"The role requires an analytical mind and an ability to synthe complex ideas for business consumption.
4-6 years of Experience in management consulting, advisory…",none,20:50:49,21-01-11
80,Business Analyst - West,Udaan,"Mumbai, Maharashtra",https://in.indeed.com/rc/clk?jk=bea757000db1851b&fccid=3c4b50d9382a2eea&vjs=3,3.9,None,"Understanding the business / franchise supported.
The analyst will provide close support to the Asia BCMA Business Management Team.",none,20:50:49,21-01-11
81,IT-Business System Analyst,Axis Bank,"Mumbai, Maharashtra",https://in.indeed.com/company/Axis-Bank/jobs/IT-Business-System-Analyst-d256832e17c047a2?fccid=ebe92c1659c8371b&vjs=3,4.0,"₹6,00,000 - ₹8,00,000 a year","Superior analytical skills to solve business problems with an eye for detail to understand the nuances.
Business Analys/Senior Business Analyst is a highly…",none,20:50:49,21-01-11
82,Business Analyst,Ambab,"Mumbai, Maharashtra",https://in.indeed.com/rc/clk?jk=01bfbac2fed21933&fccid=c6bf9d739125dc16&vjs=3,None,None,"Should be able to create solutions to problems for the business, and accordingly must effectively be able to communicate with a variety of business areas.",none,20:50:49,21-01-11
83,Business Analyst,Growisto,"Mumbai, Maharashtra",https://in.indeed.com/rc/clk?jk=189928ab8837b577&fccid=70b39beac603df99&vjs=3,None,None,"Good people and customer handling skills.
In this role, you will be responsible to work on deadlines, in a fairly high pressure business environment while being…",none,20:50:49,21-01-11
84,Business Analyst Manager - IT,Procter & Gamble,"Mumbai, Maharashtra",https://in.indeed.com/rc/clk?jk=7ad69479599e52ce&fccid=2da0dedf6df97194&vjs=3,4.2,None,"4-5 years experience in Business Analysis role.
Experience working with Banks, NBFC or Lending Fintechs a must.
Knowledge of Mobile centric solutions.",none,20:50:50,21-01-11
85,BIU Business Analyst,Axis Bank,"Mumbai, Maharashtra",https://in.indeed.com/company/Axis-Bank/jobs/Biu-Business-Analyst-24a2db91f965005a?fccid=ebe92c1659c8371b&vjs=3,4.0,"₹5,00,000 a year","Experienced in working with business stakeholders, customers and vendors.
Fully exposed to all phases of Project Life Cycle (PLC) with the emphasis on Business…",none,20:50:50,21-01-11
86,Business Analyst - Data Science,Sitel,"Mumbai, Maharashtra",https://in.indeed.com/rc/clk?jk=251aab5f0777f30e&fccid=9f7d74606c717e15&vjs=3,3.5,None,"Knowledge of Kimball data warehouse and business intelligence lifecycle methodology.
Develop and implement test plan and test cases.",none,20:50:50,21-01-11
87,Business Analyst,Idealake Information Technologies,"Mumbai, Maharashtra",https://in.indeed.com/rc/clk?jk=72746c7f14a5f712&fccid=6474a770275d33e0&vjs=3,3.4,None,"Providing a vital link between the Business Intelligence team to achieve business objectives by supporting and ensuring successful completion of building,…",none,20:50:50,21-01-11
88,Analyst - Business Consulting Risk - CHS - Risk Assurance -...,EY,"Mumbai, Maharashtra",https://in.indeed.com/rc/clk?jk=4bc4676a57e8d7d7&fccid=1544766d4c2915b0&vjs=3,4.0,None,"In the second half of ‘14, WM reached a milestone, with its business having surpassed $2 trillion in total client assets.
POSTING DATE: Jan 4, 2021.",none,20:50:50,21-01-11
89,Business Analyst,UBS,"Mumbai, Maharashtra",https://in.indeed.com/rc/clk?jk=04c9204acf221c9a&fccid=1c76c3a36f6c7557&vjs=3,3.9,None,"You will work alongside other business analysts and report directly to the project manager.
Ensuring solutions meet business needs and requirements.",none,20:50:50,21-01-11
90,Business Analyst I,"JPMorgan Chase Bank, N.A.","Mumbai, Maharashtra",https://in.indeed.com/rc/clk?jk=c72f8910eece0d31&fccid=aaf3b433897ea465&vjs=3,3.9,None,"Work closely with business stakeholders responsible for Information.
Determine required IT Security business solutions and assist in implementing.",none,20:50:51,21-01-11
91,Business Analyst,Morningstar,"Mumbai, Maharashtra",https://in.indeed.com/rc/clk?jk=24dabee9aad56b1c&fccid=eaabf52abd909bd5&vjs=3,3.9,None,"Needs to be able to think strategically and also understand business.
Very hands-on and keen eye for detail with ability to present business.",none,20:50:51,21-01-11
92,Business Analyst - Speech Analytics,Sitel,"Mumbai, Maharashtra",https://in.indeed.com/rc/clk?jk=dbf3cd77cac827bd&fccid=9f7d74606c717e15&vjs=3,3.5,None,"Carry out customer business requirement analysis using Requirement Workshops, Conference Room Pilots.
Primary (Essential) Technical Skills desired:",none,20:50:51,21-01-11
93,Business Analyst | 2 - 5 years | Thane,Applied Cloud Computing Pvt. Ltd.,"Mumbai, Maharashtra",https://in.indeed.com/company/Applied-Cloud-Computing/jobs/Business-Analyst-d28221adf441db8a?fccid=4262594b1cad1667&vjs=3,None,"₹2,50,000 a year",Present ad-hoc reports as well as evaluate in timely manner Documentation Creating appropriate documentation that allows stakeholders to understand the steps of…,Urgently hiring,20:50:51,21-01-11
94,Business Data Analyst / Business Systems Analyst,"JPMorgan Chase Bank, N.A.","Mumbai, Maharashtra",https://in.indeed.com/rc/clk?jk=de3b5c23bb95f4ca&fccid=aaf3b433897ea465&vjs=3,3.9,None,"Hands-on, practical, and capable of configuring, developing, and implementing high-quality Workday solutions that meet our expanding business needs.",none,20:50:51,21-01-11
95,Business Analyst - West,Udaan,"Mumbai, Maharashtra",https://in.indeed.com/rc/clk?jk=bea757000db1851b&fccid=3c4b50d9382a2eea&vjs=3,3.9,None,"Seeks to understand the Client’s business strategy, operating vision, business imperatives and capabilities and how they may affect the technology imperatives.",none,20:50:51,21-01-11
96,IT-Business System Analyst,Axis Bank,"Mumbai, Maharashtra",https://in.indeed.com/company/Axis-Bank/jobs/IT-Business-System-Analyst-d256832e17c047a2?fccid=ebe92c1659c8371b&vjs=3,4.0,"₹6,00,000 - ₹8,00,000 a year","» Elicit & gather business requirements from key business users.
» Obtain sign-offs from key business user/s on BRS & Testing documents.",none,20:50:51,21-01-11
97,Business Analyst,Ambab,"Mumbai, Maharashtra",https://in.indeed.com/rc/clk?jk=01bfbac2fed21933&fccid=c6bf9d739125dc16&vjs=3,None,None,"Design and meet business criteria and metrics for successful BI implementations.
Utilize Business Intelligence expertise, business Knowledge and technical…",none,20:50:52,21-01-11
98,Business Analyst,Growisto,"Mumbai, Maharashtra",https://in.indeed.com/rc/clk?jk=189928ab8837b577&fccid=70b39beac603df99&vjs=3,None,None,"B) Strong leadership skills to connect with Internal and customer senior management at various forums.
A) Must have strong domain knowledge in BFSI domain…",none,20:50:52,21-01-11
99,Business Analyst Manager - IT,Procter & Gamble,"Mumbai, Maharashtra",https://in.indeed.com/rc/clk?jk=7ad69479599e52ce&fccid=2da0dedf6df97194&vjs=3,4.2,None,"You will interact and conduct solution study / JAD sessions with client business teams from banking & financial services domain to understand requirements,…",none,20:50:52,21-01-11
100,BIU Business Analyst,Axis Bank,"Mumbai, Maharashtra",https://in.indeed.com/company/Axis-Bank/jobs/Biu-Business-Analyst-24a2db91f965005a?fccid=ebe92c1659c8371b&vjs=3,4.0,"₹5,00,000 a year",Ability to identify discrepancies/issues in local implementation of corporate labels and contact the affiliates (if appropriate) for remediation actions.,none,20:50:52,21-01-11
101,Business Analyst - Data Science,Sitel,"Mumbai, Maharashtra",https://in.indeed.com/rc/clk?jk=251aab5f0777f30e&fccid=9f7d74606c717e15&vjs=3,3.5,None,"Minimum 3-5 years Worked as a Business Analyst.
Excellent written and verbal communication skills.
Degree in Computer Engineering, Business Administration or…",none,20:50:52,21-01-11
102,Business Analyst,Idealake Information Technologies,"Mumbai, Maharashtra",https://in.indeed.com/rc/clk?jk=72746c7f14a5f712&fccid=6474a770275d33e0&vjs=3,3.4,None,"Minimum 3-5 years Worked as a Business Analyst.
Excellent written and verbal communication skills.
Degree in Computer Engineering, Business Administration or…",none,20:50:52,21-01-11
103,Analyst - Business Consulting Risk - CHS - Risk Assurance -...,EY,"Mumbai, Maharashtra",https://in.indeed.com/rc/clk?jk=4bc4676a57e8d7d7&fccid=1544766d4c2915b0&vjs=3,4.0,None,"Experience with global/multi-site manufacturing deployment projects.
Experience designing and leading IT business analysis-related workshops.",none,20:50:53,21-01-11
104,Business Analyst,UBS,"Mumbai, Maharashtra",https://in.indeed.com/rc/clk?jk=04c9204acf221c9a&fccid=1c76c3a36f6c7557&vjs=3,3.9,None,Develop MIS report to help business understand the revenue generated through the upsell programs and track the conversions across the generated leads.,none,20:50:53,21-01-11
105,Business Analyst I,"JPMorgan Chase Bank, N.A.","Mumbai, Maharashtra",https://in.indeed.com/rc/clk?jk=c72f8910eece0d31&fccid=aaf3b433897ea465&vjs=3,3.9,None,"Translate business objectives and requirements into functional and system specifications.
Responsible for collaboration & co-ordination with all regional &…",none,20:50:53,21-01-11
106,Business Analyst,Morningstar,"Mumbai, Maharashtra",https://in.indeed.com/rc/clk?jk=24dabee9aad56b1c&fccid=eaabf52abd909bd5&vjs=3,3.9,None,"Understanding functional requirements provided by client and co-ordinate with developer.
To prepare analysis reports & secondary research.",none,20:50:53,21-01-11
107,Business Analyst - Speech Analytics,Sitel,"Mumbai, Maharashtra",https://in.indeed.com/rc/clk?jk=dbf3cd77cac827bd&fccid=9f7d74606c717e15&vjs=3,3.5,None,"Analysts can identify trends that can help client teams and executives make business decisions to.
Experience • Minimum 2-3 years experience as an analyst or in…",none,20:50:53,21-01-11
108,Business Analyst | 2 - 5 years | Thane,Applied Cloud Computing Pvt. Ltd.,"Mumbai, Maharashtra",https://in.indeed.com/company/Applied-Cloud-Computing/jobs/Business-Analyst-d28221adf441db8a?fccid=4262594b1cad1667&vjs=3,None,"₹2,50,000 a year","Acquire business understanding needed to analyze collaboration with business partners as well as external Research.
5+ years of relevant Experience.",Urgently hiring,20:50:53,21-01-11
109,Business Data Analyst / Business Systems Analyst,"JPMorgan Chase Bank, N.A.","Mumbai, Maharashtra",https://in.indeed.com/rc/clk?jk=de3b5c23bb95f4ca&fccid=aaf3b433897ea465&vjs=3,3.9,None,"Configure application software to meet business requirements.
Defining, analyzing, and reviewing customer requirements in JDE Modules.",none,20:50:54,21-01-11
110,Business Analyst - West,Udaan,"Mumbai, Maharashtra",https://in.indeed.com/rc/clk?jk=bea757000db1851b&fccid=3c4b50d9382a2eea&vjs=3,3.9,None,"Collecting business requirements from senior stakeholders.
Brainstorming and creating product requirements with business team.
3+ years of experience in IT.",none,20:50:54,21-01-11
111,IT-Business System Analyst,Axis Bank,"Mumbai, Maharashtra",https://in.indeed.com/company/Axis-Bank/jobs/IT-Business-System-Analyst-d256832e17c047a2?fccid=ebe92c1659c8371b&vjs=3,4.0,"₹6,00,000 - ₹8,00,000 a year","Good people and customer handling skills.
We are looking for some who should be open to work in any shift as per the business requirement.",none,20:50:54,21-01-11
112,Business Analyst,Ambab,"Mumbai, Maharashtra",https://in.indeed.com/rc/clk?jk=01bfbac2fed21933&fccid=c6bf9d739125dc16&vjs=3,None,None,"Act as a key interface between business users and development teams.
We believe that business has the power to inspire and transform.
The work you will do.",none,20:50:54,21-01-11
113,Business Analyst,Growisto,"Mumbai, Maharashtra",https://in.indeed.com/rc/clk?jk=189928ab8837b577&fccid=70b39beac603df99&vjs=3,None,None,"Provide ongoing support to the business community regarding application functionality, business processes, and data integrity.",none,20:50:54,21-01-11
114,Business Analyst Manager - IT,Procter & Gamble,"Mumbai, Maharashtra",https://in.indeed.com/rc/clk?jk=7ad69479599e52ce&fccid=2da0dedf6df97194&vjs=3,4.2,None,"He or she should have strong understanding about business process of a software company management.
Tech or any equivalent degree.",none,20:50:54,21-01-11
115,BIU Business Analyst,Axis Bank,"Mumbai, Maharashtra",https://in.indeed.com/company/Axis-Bank/jobs/Biu-Business-Analyst-24a2db91f965005a?fccid=ebe92c1659c8371b&vjs=3,4.0,"₹5,00,000 a year","Experience: 4-5 years as a Business analyst and in system analysis & design.
Stay up-to-date with current technologies and technical developments and figure out…",none,20:50:54,21-01-11
116,Business Analyst - Data Science,Sitel,"Mumbai, Maharashtra",https://in.indeed.com/rc/clk?jk=251aab5f0777f30e&fccid=9f7d74606c717e15&vjs=3,3.5,None,"Provide leadership in executing proposed business and technical solutions.
Flexible and adaptable to changing market/business conditions.",none,20:50:55,21-01-11
117,Business Analyst,Idealake Information Technologies,"Mumbai, Maharashtra",https://in.indeed.com/rc/clk?jk=72746c7f14a5f712&fccid=6474a770275d33e0&vjs=3,3.4,None,"Reporting to Sales & Strategy Head for driving business through data mining and analytics.
Good hands on experience in SQL queries and Data Mining / Analysis.",none,20:50:55,21-01-11
118,Analyst - Business Consulting Risk - CHS - Risk Assurance -...,EY,"Mumbai, Maharashtra",https://in.indeed.com/rc/clk?jk=4bc4676a57e8d7d7&fccid=1544766d4c2915b0&vjs=3,4.0,None,"Requirement Analysis/BRD preparation/ User story/ Test case preparation/ Testing ,- Process mapping and re-engineering.",none,20:50:55,21-01-11
119,Business Analyst,UBS,"Mumbai, Maharashtra",https://in.indeed.com/rc/clk?jk=04c9204acf221c9a&fccid=1c76c3a36f6c7557&vjs=3,3.9,None,: Role : Business and Integration Architect Role Description : Work directly with the client gathering requirements to align technology with business strategy…,none,20:50:55,21-01-11
120,Business Analyst I,"JPMorgan Chase Bank, N.A.","Mumbai, Maharashtra",https://in.indeed.com/rc/clk?jk=c72f8910eece0d31&fccid=aaf3b433897ea465&vjs=3,3.9,None,: Role : Business and Integration Architect Role Description : Work directly with the client gathering requirements to align technology with business strategy…,none,20:50:55,21-01-11
121,Business Analyst,Morningstar,"Mumbai, Maharashtra",https://in.indeed.com/rc/clk?jk=24dabee9aad56b1c&fccid=eaabf52abd909bd5&vjs=3,3.9,None,Provide analytical inputs in standard templates on various business KPIs to drive performance optimization initiatives.,none,20:50:55,21-01-11
122,Business Analyst - Speech Analytics,Sitel,"Mumbai, Maharashtra",https://in.indeed.com/rc/clk?jk=dbf3cd77cac827bd&fccid=9f7d74606c717e15&vjs=3,3.5,None,"Play a pivotal role in delivering critical business insights to the teams.
Prior experience in retail business would be advantageous to understand our processes…",none,20:50:56,21-01-11
123,Business Analyst | 2 - 5 years | Thane,Applied Cloud Computing Pvt. Ltd.,"Mumbai, Maharashtra",https://in.indeed.com/company/Applied-Cloud-Computing/jobs/Business-Analyst-d28221adf441db8a?fccid=4262594b1cad1667&vjs=3,None,"₹2,50,000 a year","We look for people who want to bring their best — bold thinkers with big hearts who challenge one other and grow together.
But we do more than that.",Urgently hiring,20:50:56,21-01-11
124,Business Data Analyst / Business Systems Analyst,"JPMorgan Chase Bank, N.A.","Mumbai, Maharashtra",https://in.indeed.com/rc/clk?jk=de3b5c23bb95f4ca&fccid=aaf3b433897ea465&vjs=3,3.9,None,"Manage, track, and review vendor / subcontractor deliverables, if required, for the project.
Collaborate with Clients to understand their goals and vision in…",none,20:50:56,21-01-11
125,Business Analyst - West,Udaan,"Mumbai, Maharashtra",https://in.indeed.com/rc/clk?jk=bea757000db1851b&fccid=3c4b50d9382a2eea&vjs=3,3.9,None,Maintain professional connects with all MIS contacts across warehouses for timely gathering and reporting of data pertaining to TS and CLS business.,none,20:50:56,21-01-11
126,IT-Business System Analyst,Axis Bank,"Mumbai, Maharashtra",https://in.indeed.com/company/Axis-Bank/jobs/IT-Business-System-Analyst-d256832e17c047a2?fccid=ebe92c1659c8371b&vjs=3,4.0,"₹6,00,000 - ₹8,00,000 a year","Do not apply if you can not appear for personal interview.
Interact with clients and understand the requirements of the project thoroughly.",none,20:50:56,21-01-11
127,Business Analyst,Ambab,"Mumbai, Maharashtra",https://in.indeed.com/rc/clk?jk=01bfbac2fed21933&fccid=c6bf9d739125dc16&vjs=3,None,None,"Ability to deal with multi-disciplinary problems.
Education: BTech/BA(Economics)/BSc.
Good Analytical and problem solving ability.
Ability to deal with data.",none,20:50:56,21-01-11
128,Business Analyst,Growisto,"Mumbai, Maharashtra",https://in.indeed.com/rc/clk?jk=189928ab8837b577&fccid=70b39beac603df99&vjs=3,None,None,"One of our clients, one of the largest Indian IT Company, requires multiple Banking / IT Business Analyst professionals as per the details given below.",none,20:50:57,21-01-11
129,Business Analyst Manager - IT,Procter & Gamble,"Mumbai, Maharashtra",https://in.indeed.com/rc/clk?jk=7ad69479599e52ce&fccid=2da0dedf6df97194&vjs=3,4.2,None,This role operationally supports the larger sales and marketing operations in the organization and partners with the business ops team and other business…,none,20:50:57,21-01-11
130,BIU Business Analyst,Axis Bank,"Mumbai, Maharashtra",https://in.indeed.com/company/Axis-Bank/jobs/Biu-Business-Analyst-24a2db91f965005a?fccid=ebe92c1659c8371b&vjs=3,4.0,"₹5,00,000 a year","Do not apply if you can not appear for personal interview.
Interact with clients and understand the requirements of the project thoroughly.",none,20:50:57,21-01-11
131,Business Analyst - Data Science,Sitel,"Mumbai, Maharashtra",https://in.indeed.com/rc/clk?jk=251aab5f0777f30e&fccid=9f7d74606c717e15&vjs=3,3.5,None,"Understand business requirements & efficiently pull and query business data using SQL.
Automation of business reports using SQL, Tableau, SSRS etc.",none,20:50:57,21-01-11
132,Business Analyst,Idealake Information Technologies,"Mumbai, Maharashtra",https://in.indeed.com/rc/clk?jk=72746c7f14a5f712&fccid=6474a770275d33e0&vjs=3,3.4,None,"Interact with clients and understand the requirements of the project thoroughly.
Prepare and review the Requirement Analysis and Functional Specification…",none,20:50:57,21-01-11
133,Analyst - Business Consulting Risk - CHS - Risk Assurance -...,EY,"Mumbai, Maharashtra",https://in.indeed.com/rc/clk?jk=4bc4676a57e8d7d7&fccid=1544766d4c2915b0&vjs=3,4.0,None,"8+ years of combined IT experience with increasing levels of responsibility.
4+ years of architecture experience across various Salesforce clouds (Sales,…",none,20:50:57,21-01-11
134,Business Analyst,UBS,"Mumbai, Maharashtra",https://in.indeed.com/rc/clk?jk=04c9204acf221c9a&fccid=1c76c3a36f6c7557&vjs=3,3.9,None,"The solution caters to the complete business life cycle of the Wealth and Asset Management business.
It caters to businesses with over 200 Billion USD Assets…",none,20:50:57,21-01-11
135,Business Analyst I,"JPMorgan Chase Bank, N.A.","Mumbai, Maharashtra",https://in.indeed.com/rc/clk?jk=c72f8910eece0d31&fccid=aaf3b433897ea465&vjs=3,3.9,None,"Develop and maintain business requirements.
Elicit detailed product requirements and use cases with business stakeholder.
Qualification-BE/BTech/ME/MTech.",none,20:50:58,21-01-11
136,Business Analyst,Morningstar,"Mumbai, Maharashtra",https://in.indeed.com/rc/clk?jk=24dabee9aad56b1c&fccid=eaabf52abd909bd5&vjs=3,3.9,None, UAT support – Provide required analysis support during UAT testing and if required also perform critical scenario execution during UAT.,none,20:50:58,21-01-11
137,Business Analyst - Speech Analytics,Sitel,"Mumbai, Maharashtra",https://in.indeed.com/rc/clk?jk=dbf3cd77cac827bd&fccid=9f7d74606c717e15&vjs=3,3.5,None,"Partner with business & product teams to define goals, identify specific.
FlexiLoans is looking for Product Analyst who will be supporting the product team to…",none,20:50:58,21-01-11
138,Business Analyst | 2 - 5 years | Thane,Applied Cloud Computing Pvt. Ltd.,"Mumbai, Maharashtra",https://in.indeed.com/company/Applied-Cloud-Computing/jobs/Business-Analyst-d28221adf441db8a?fccid=4262594b1cad1667&vjs=3,None,"₹2,50,000 a year","B Personal and new hire Assimilation.
Our unique industry-based, consultative approach helps clients envision, build and run more innovative and efficient…",Urgently hiring,20:50:58,21-01-11
139,Business Data Analyst / Business Systems Analyst,"JPMorgan Chase Bank, N.A.","Mumbai, Maharashtra",https://in.indeed.com/rc/clk?jk=de3b5c23bb95f4ca&fccid=aaf3b433897ea465&vjs=3,3.9,None,"With 506,000 people serving clients in more than 120 countries, Accenture brings continuous innovation to help clients improve their performance and create…",none,20:50:58,21-01-11
140,Business Analyst - West,Udaan,"Mumbai, Maharashtra",https://in.indeed.com/rc/clk?jk=bea757000db1851b&fccid=3c4b50d9382a2eea&vjs=3,3.9,None,"Develop and maintain business requirements.
Strong knowledge of business and data analysis using BI techniques.
What is in it for you?
We will count on you to:",none,20:50:59,21-01-11
141,IT-Business System Analyst,Axis Bank,"Mumbai, Maharashtra",https://in.indeed.com/company/Axis-Bank/jobs/IT-Business-System-Analyst-d256832e17c047a2?fccid=ebe92c1659c8371b&vjs=3,4.0,"₹6,00,000 - ₹8,00,000 a year","As a Business Analyst, you’ll be working in the Analytics team to identify potential strategic and optimization opportunities through deep diving into business…",none,20:50:59,21-01-11
142,Business Analyst,Ambab,"Mumbai, Maharashtra",https://in.indeed.com/rc/clk?jk=01bfbac2fed21933&fccid=c6bf9d739125dc16&vjs=3,None,None,"Knowledge of Kimball data warehouse and business intelligence lifecycle methodology.
Develop and implement test plan and test case.",none,20:50:59,21-01-11
143,Business Analyst,Growisto,"Mumbai, Maharashtra",https://in.indeed.com/rc/clk?jk=189928ab8837b577&fccid=70b39beac603df99&vjs=3,None,None,"Ability to understand complex business problems, end to end hands on exposure to analytics- including collecting, pulling and preparing data, building…",none,20:50:59,21-01-11
144,Business Analyst Manager - IT,Procter & Gamble,"Mumbai, Maharashtra",https://in.indeed.com/rc/clk?jk=7ad69479599e52ce&fccid=2da0dedf6df97194&vjs=3,4.2,None,"Influence business users and application development teams.
Capture business requirements based on interactions with stakeholders.",none,20:50:59,21-01-11
145,BIU Business Analyst,Axis Bank,"Mumbai, Maharashtra",https://in.indeed.com/company/Axis-Bank/jobs/Biu-Business-Analyst-24a2db91f965005a?fccid=ebe92c1659c8371b&vjs=3,4.0,"₹5,00,000 a year","We require an enthusiastic and talented person.
Should have excellent communication and documentation skills.
Should have worked on Retail domain.",none,20:50:59,21-01-11
146,Business Analyst - Data Science,Sitel,"Mumbai, Maharashtra",https://in.indeed.com/rc/clk?jk=251aab5f0777f30e&fccid=9f7d74606c717e15&vjs=3,3.5,None,"Key Skills business development business analyst.
Writing business requirement and proposed solutions.
Ensuring the implementation of the solution is on track…",none,20:50:59,21-01-11
147,Business Analyst,Idealake Information Technologies,"Mumbai, Maharashtra",https://in.indeed.com/rc/clk?jk=72746c7f14a5f712&fccid=6474a770275d33e0&vjs=3,3.4,None,: Role : Business and Integration Architect Role Description : Work directly with the client gathering requirements to align technology with business strategy…,none,20:51:00,21-01-11
148,Analyst - Business Consulting Risk - CHS - Risk Assurance -...,EY,"Mumbai, Maharashtra",https://in.indeed.com/rc/clk?jk=4bc4676a57e8d7d7&fccid=1544766d4c2915b0&vjs=3,4.0,None,"Experience in requirement gathering, gap analysis and business specs writing.
Should have sound knowledge in life insurance domain (Annuity/Payouts/Life…",none,20:51:00,21-01-11
149,Business Analyst,UBS,"Mumbai, Maharashtra",https://in.indeed.com/rc/clk?jk=04c9204acf221c9a&fccid=1c76c3a36f6c7557&vjs=3,3.9,None,"Appropriately assess risk when business decisions are made, demonstrating particular consideration for the firm's reputation and safeguarding Citigroup, its…",none,20:51:00,21-01-11
150,Business Analyst I,"JPMorgan Chase Bank, N.A.","Mumbai, Maharashtra",https://in.indeed.com/rc/clk?jk=c72f8910eece0d31&fccid=aaf3b433897ea465&vjs=3,3.9,None,"Take complete ownership of the people and their performance management in the projects.
A bachelor’s degree in business or related field or an MBA.",none,20:51:00,21-01-11
151,Business Analyst,Morningstar,"Mumbai, Maharashtra",https://in.indeed.com/rc/clk?jk=24dabee9aad56b1c&fccid=eaabf52abd909bd5&vjs=3,3.9,None,"Support business teams in testing activities, including integration testing, end-to-end (business process) testing and UAT.
Should be ready to travel.",none,20:51:00,21-01-11
152,Business Analyst - Speech Analytics,Sitel,"Mumbai, Maharashtra",https://in.indeed.com/rc/clk?jk=dbf3cd77cac827bd&fccid=9f7d74606c717e15&vjs=3,3.5,None,"Conducting business analysis, gathering of business requirements, solutioning and testing.
Demonstrating a thorough understanding of the business processes.",none,20:51:00,21-01-11
153,Business Analyst | 2 - 5 years | Thane,Applied Cloud Computing Pvt. Ltd.,"Mumbai, Maharashtra",https://in.indeed.com/company/Applied-Cloud-Computing/jobs/Business-Analyst-d28221adf441db8a?fccid=4262594b1cad1667&vjs=3,None,"₹2,50,000 a year","Have passion for improving business processes for merchants, along with confidence and willingness to defend ideas.
6-8 weeks, between 15th May to 15th July.",Urgently hiring,20:51:01,21-01-11
154,Business Data Analyst / Business Systems Analyst,"JPMorgan Chase Bank, N.A.","Mumbai, Maharashtra",https://in.indeed.com/rc/clk?jk=de3b5c23bb95f4ca&fccid=aaf3b433897ea465&vjs=3,3.9,None,"Capable of utilizing formal business analysis methods and tools to govern and control programs.
Willing to work in shifts to support APAC, Americas, or EMEA, as…",none,20:51:01,21-01-11
155,Business Analyst - West,Udaan,"Mumbai, Maharashtra",https://in.indeed.com/rc/clk?jk=bea757000db1851b&fccid=3c4b50d9382a2eea&vjs=3,3.9,None,We recognize that our people are our strength and the diverse talents they bring to our global workforce are directly linked to our success.,none,20:51:01,21-01-11
156,IT-Business System Analyst,Axis Bank,"Mumbai, Maharashtra",https://in.indeed.com/company/Axis-Bank/jobs/IT-Business-System-Analyst-d256832e17c047a2?fccid=ebe92c1659c8371b&vjs=3,4.0,"₹6,00,000 - ₹8,00,000 a year","Our business model is based on the combination of primary insurance and reinsurance under one roof.
This role requires the use of the organisation's system…",none,20:51:01,21-01-11
157,Business Analyst,Ambab,"Mumbai, Maharashtra",https://in.indeed.com/rc/clk?jk=01bfbac2fed21933&fccid=c6bf9d739125dc16&vjs=3,None,None,Managing 2 to 3 business lines based enablers Design analytical database for a given Enabler/ Business objective that help all channels achieve business…,none,20:51:01,21-01-11
158,Business Analyst,Growisto,"Mumbai, Maharashtra",https://in.indeed.com/rc/clk?jk=189928ab8837b577&fccid=70b39beac603df99&vjs=3,None,None,The company will continue to be driven by its guiding principle of making trading in stock markets simple and affordable for all.,none,20:51:01,21-01-11
159,Business Analyst Manager - IT,Procter & Gamble,"Mumbai, Maharashtra",https://in.indeed.com/rc/clk?jk=7ad69479599e52ce&fccid=2da0dedf6df97194&vjs=3,4.2,None,"As a market leader, the talent and passion of our people is critical to our success.
Morgan Stanley can provide a superior foundation for building a…",none,20:51:01,21-01-11
160,BIU Business Analyst,Axis Bank,"Mumbai, Maharashtra",https://in.indeed.com/company/Axis-Bank/jobs/Biu-Business-Analyst-24a2db91f965005a?fccid=ebe92c1659c8371b&vjs=3,4.0,"₹5,00,000 a year","With a startup spirit and 90,000+ curious and courageous minds, we have the expertise to go deep with the world’s biggest brands—and we have fun doing it.",none,20:51:02,21-01-11
161,Business Analyst - Data Science,Sitel,"Mumbai, Maharashtra",https://in.indeed.com/rc/clk?jk=251aab5f0777f30e&fccid=9f7d74606c717e15&vjs=3,3.5,None,"Closure of the open support requests/ad-hoc user requests in the quickest time possible, putting in extra efforts from the business analysis end if required,…",none,20:51:02,21-01-11
162,Business Analyst,Idealake Information Technologies,"Mumbai, Maharashtra",https://in.indeed.com/rc/clk?jk=72746c7f14a5f712&fccid=6474a770275d33e0&vjs=3,3.4,None,"Closure of the open support requests/ad-hoc user requests in the quickest time possible, putting in extra efforts from the business analysis end if required,…",none,20:51:02,21-01-11
163,Analyst - Business Consulting Risk - CHS - Risk Assurance -...,EY,"Mumbai, Maharashtra",https://in.indeed.com/rc/clk?jk=4bc4676a57e8d7d7&fccid=1544766d4c2915b0&vjs=3,4.0,None,"We have great people here and are looking for more.
Come join us - you will love it!
Equal Employment Opportunities at Sterling.",none,20:51:02,21-01-11
164,Business Analyst,UBS,"Mumbai, Maharashtra",https://in.indeed.com/rc/clk?jk=04c9204acf221c9a&fccid=1c76c3a36f6c7557&vjs=3,3.9,None,Position : Business Analyst Location : Mumbai Salary : 4 to 6 Lakhs No of Position : 5 Nos Job Description Understanding business requirements through user…,none,20:51:02,21-01-11
165,Business Analyst I,"JPMorgan Chase Bank, N.A.","Mumbai, Maharashtra",https://in.indeed.com/rc/clk?jk=c72f8910eece0d31&fccid=aaf3b433897ea465&vjs=3,3.9,None,"Have 1-2 years of data analyst experience.
Our value-based, people-first work culture is about empowering every individual in our global team to be catalysts…",none,20:51:02,21-01-11
166,Business Analyst,Morningstar,"Mumbai, Maharashtra",https://in.indeed.com/rc/clk?jk=24dabee9aad56b1c&fccid=eaabf52abd909bd5&vjs=3,3.9,None,"7+ years of experience in a dynamic business environment performing business analysis and process design.
Skilled in redesigning processes for technology-driven…",none,20:51:03,21-01-11
167,Business Analyst - Speech Analytics,Sitel,"Mumbai, Maharashtra",https://in.indeed.com/rc/clk?jk=dbf3cd77cac827bd&fccid=9f7d74606c717e15&vjs=3,3.5,None,"Job Opportunity for Business Analyst.
Domain: Treasury Background is preferred.
NP: Immediate to 20 Days.
Documenting RBI reporting related requirements.",none,20:51:03,21-01-11
168,Business Analyst | 2 - 5 years | Thane,Applied Cloud Computing Pvt. Ltd.,"Mumbai, Maharashtra",https://in.indeed.com/company/Applied-Cloud-Computing/jobs/Business-Analyst-d28221adf441db8a?fccid=4262594b1cad1667&vjs=3,None,"₹2,50,000 a year","Seeking experienced information security business analyst to run certification process.
Controls/User Provisioning support analyst.
What is in it for you?",Urgently hiring,20:51:03,21-01-11
169,Business Data Analyst / Business Systems Analyst,"JPMorgan Chase Bank, N.A.","Mumbai, Maharashtra",https://in.indeed.com/rc/clk?jk=de3b5c23bb95f4ca&fccid=aaf3b433897ea465&vjs=3,3.9,None,"Serves as the Team Leader - lead module consultant leading design sessions, project workshops, etc.
Leads, mentors, and guides team members of various skill…",none,20:51:03,21-01-11
170,Business Analyst - West,Udaan,"Mumbai, Maharashtra",https://in.indeed.com/rc/clk?jk=bea757000db1851b&fccid=3c4b50d9382a2eea&vjs=3,3.9,None,"Job Description:- An opportunity in a leading IT Company.
Notice Period - Immediate candidates preferred.
Business Analyst with strong experience in.",none,20:51:03,21-01-11
171,IT-Business System Analyst,Axis Bank,"Mumbai, Maharashtra",https://in.indeed.com/company/Axis-Bank/jobs/IT-Business-System-Analyst-d256832e17c047a2?fccid=ebe92c1659c8371b&vjs=3,4.0,"₹6,00,000 - ₹8,00,000 a year","It’d be great if you also have: Primary Skills (Must Have):
Our greatest strength is our global team – energetic, innovative people of all experience levels and…",none,20:51:03,21-01-11
172,Business Analyst,Ambab,"Mumbai, Maharashtra",https://in.indeed.com/rc/clk?jk=01bfbac2fed21933&fccid=c6bf9d739125dc16&vjs=3,None,None,"Years of Experience: 2 - 3 years.
Education: A Post Graduate with a BE or MBA degree or any equivalent masters degree in IT, Accounting, Systems.",none,20:51:04,21-01-11
173,Business Analyst,Growisto,"Mumbai, Maharashtra",https://in.indeed.com/rc/clk?jk=189928ab8837b577&fccid=70b39beac603df99&vjs=3,None,None,Provide analytical inputs in standard templates on various business KPIs to drive performance optimization initiatives.,none,20:51:04,21-01-11
174,Business Analyst Manager - IT,Procter & Gamble,"Mumbai, Maharashtra",https://in.indeed.com/rc/clk?jk=7ad69479599e52ce&fccid=2da0dedf6df97194&vjs=3,4.2,None,"You also strive to provide the best solution to the clients, even if that means foregoing prots - Take initiatives to set up processes in the company and be…",none,20:51:04,21-01-11
175,BIU Business Analyst,Axis Bank,"Mumbai, Maharashtra",https://in.indeed.com/company/Axis-Bank/jobs/Biu-Business-Analyst-24a2db91f965005a?fccid=ebe92c1659c8371b&vjs=3,4.0,"₹5,00,000 a year","Alternatively the candidate is from bank operations side who is completely aware of the processes (origination to closure), workflow, checks, business rules etc…",none,20:51:04,21-01-11
176,Business Analyst - Data Science,Sitel,"Mumbai, Maharashtra",https://in.indeed.com/rc/clk?jk=251aab5f0777f30e&fccid=9f7d74606c717e15&vjs=3,3.5,None,"Plan and execute internal business events like town-halls, senior management meets, people meetings, client visits, visits from CRISIL teams outside India, etc.",none,20:51:04,21-01-11
177,Business Analyst,Idealake Information Technologies,"Mumbai, Maharashtra",https://in.indeed.com/rc/clk?jk=72746c7f14a5f712&fccid=6474a770275d33e0&vjs=3,3.4,None,Experienced in Business Analytics - with Solid understanding of multiple business cycles and key business metrics measured in various functions (Finance/…,none,20:51:04,21-01-11
178,Analyst - Business Consulting Risk - CHS - Risk Assurance -...,EY,"Mumbai, Maharashtra",https://in.indeed.com/rc/clk?jk=4bc4676a57e8d7d7&fccid=1544766d4c2915b0&vjs=3,4.0,None,"Business Analyst /Data Analyst with experience in accounting domain .
Understanding of accounting - General Ledger, Basic journal entries, Charts of accounts.",none,20:51:04,21-01-11
179,Business Analyst,UBS,"Mumbai, Maharashtra",https://in.indeed.com/rc/clk?jk=04c9204acf221c9a&fccid=1c76c3a36f6c7557&vjs=3,3.9,None,"The people of Diebold Nixdorf are 23,000+ teammates of diverse talents and expertise in more than 130 countries, harnessing future technologies to deliver…",none,20:51:05,21-01-11
180,Business Analyst I,"JPMorgan Chase Bank, N.A.","Mumbai, Maharashtra",https://in.indeed.com/rc/clk?jk=c72f8910eece0d31&fccid=aaf3b433897ea465&vjs=3,3.9,None,"Translate business requirements clearly, define process flows, use cases etc.
Minimum 5-6years of IT business analysis experience with minimum 4+ years in…",none,20:51:05,21-01-11
181,Business Analyst,Morningstar,"Mumbai, Maharashtra",https://in.indeed.com/rc/clk?jk=24dabee9aad56b1c&fccid=eaabf52abd909bd5&vjs=3,3.9,None,"Search engines, web analytics and business research tools acumen.
Understand business objectives and design surveys to discover prospective customers’…",none,20:51:05,21-01-11
182,Business Analyst - Speech Analytics,Sitel,"Mumbai, Maharashtra",https://in.indeed.com/rc/clk?jk=dbf3cd77cac827bd&fccid=9f7d74606c717e15&vjs=3,3.5,None,"Founded in 1835 in Paris, the Group employs 20,000 people in more than 100 countries and operates through its three business units covering all communication…",none,20:51:05,21-01-11
183,Business Analyst | 2 - 5 years | Thane,Applied Cloud Computing Pvt. Ltd.,"Mumbai, Maharashtra",https://in.indeed.com/company/Applied-Cloud-Computing/jobs/Business-Analyst-d28221adf441db8a?fccid=4262594b1cad1667&vjs=3,None,"₹2,50,000 a year","Strong analytical, prioritization, organizational, multi tasking and negotiation skills.
Is able to provide an e2e view of the rule coded, whether it is working…",Urgently hiring,20:51:05,21-01-11
184,Business Data Analyst / Business Systems Analyst,"JPMorgan Chase Bank, N.A.","Mumbai, Maharashtra",https://in.indeed.com/rc/clk?jk=de3b5c23bb95f4ca&fccid=aaf3b433897ea465&vjs=3,3.9,None,"Contributing to and driving continuous process improvement initiatives to meet business needs.
Suggesting actionable recommendations that can drive business…",none,20:51:05,21-01-11
185,Business Analyst - West,Udaan,"Mumbai, Maharashtra",https://in.indeed.com/rc/clk?jk=bea757000db1851b&fccid=3c4b50d9382a2eea&vjs=3,3.9,None,"Monitor and recommend improvement to sales plans to achieve all key business objectives.
Candidates should have experience in stock market.",none,20:51:06,21-01-11
186,IT-Business System Analyst,Axis Bank,"Mumbai, Maharashtra",https://in.indeed.com/company/Axis-Bank/jobs/IT-Business-System-Analyst-d256832e17c047a2?fccid=ebe92c1659c8371b&vjs=3,4.0,"₹6,00,000 - ₹8,00,000 a year",They would be responsible for maintaining the data and for performing extensive analysis from data to derive actionable insights as per business requirements.,none,20:51:06,21-01-11
187,Business Analyst,Ambab,"Mumbai, Maharashtra",https://in.indeed.com/rc/clk?jk=01bfbac2fed21933&fccid=c6bf9d739125dc16&vjs=3,None,None,"In today's business environment, growth isn't just about building value-it's fundamental to long-term business survival.
Years of Experience: 3-5 years.",none,20:51:06,21-01-11
188,Business Analyst,Growisto,"Mumbai, Maharashtra",https://in.indeed.com/rc/clk?jk=189928ab8837b577&fccid=70b39beac603df99&vjs=3,None,None,"Work with data scientists and analysts to improve software.
Flexible to travel for long durations if needed and work in US hours.",none,20:51:06,21-01-11
189,Business Analyst Manager - IT,Procter & Gamble,"Mumbai, Maharashtra",https://in.indeed.com/rc/clk?jk=7ad69479599e52ce&fccid=2da0dedf6df97194&vjs=3,4.2,None,"Lead all elements of the business' data analysis.
Work with management to prioritize business and information needs.
You must be able to.",none,20:51:06,21-01-11
190,BIU Business Analyst,Axis Bank,"Mumbai, Maharashtra",https://in.indeed.com/company/Axis-Bank/jobs/Biu-Business-Analyst-24a2db91f965005a?fccid=ebe92c1659c8371b&vjs=3,4.0,"₹5,00,000 a year","Build data pipelines, data models & utilise predictive analytics that answer key questions in relation to the respective business units.",none,20:51:06,21-01-11
191,Business Analyst - Data Science,Sitel,"Mumbai, Maharashtra",https://in.indeed.com/rc/clk?jk=251aab5f0777f30e&fccid=9f7d74606c717e15&vjs=3,3.5,None,"Gender Preference Any Number Of Vacancy 1 Industry Area Ecommerce Key Skills Digital marketing, business analyst, digital analyst, Google Data Studio, Tableau,…",none,20:51:07,21-01-11
192,Business Analyst,Idealake Information Technologies,"Mumbai, Maharashtra",https://in.indeed.com/rc/clk?jk=72746c7f14a5f712&fccid=6474a770275d33e0&vjs=3,3.4,None,Developing business requirements for the business/technology solutions that will allow the client and internal customer departments to become more efficient and…,none,20:51:07,21-01-11
193,Analyst - Business Consulting Risk - CHS - Risk Assurance -...,EY,"Mumbai, Maharashtra",https://in.indeed.com/rc/clk?jk=4bc4676a57e8d7d7&fccid=1544766d4c2915b0&vjs=3,4.0,None,"Experienced in understanding the business needs, translate business requirements into analytical solutions.
Maintenance of existing reports and dashboards for…",none,20:51:07,21-01-11
194,Business Analyst,UBS,"Mumbai, Maharashtra",https://in.indeed.com/rc/clk?jk=04c9204acf221c9a&fccid=1c76c3a36f6c7557&vjs=3,3.9,None,"We are always interested in talking to inspired, talented, and motivated people.
If you want to do more with your healthcare career and deepen your knowledge of…",none,20:51:07,21-01-11
195,Business Analyst I,"JPMorgan Chase Bank, N.A.","Mumbai, Maharashtra",https://in.indeed.com/rc/clk?jk=c72f8910eece0d31&fccid=aaf3b433897ea465&vjs=3,3.9,None,"Do you have the flair for analyzing IT business processes.
Analyze current business and IT processes and functionalities.
Define end to end specifications.",none,20:51:07,21-01-11
196,Business Analyst,Morningstar,"Mumbai, Maharashtra",https://in.indeed.com/rc/clk?jk=24dabee9aad56b1c&fccid=eaabf52abd909bd5&vjs=3,3.9,None,"Preferably within a digital business.
As part of the analyst for the corporate office and the data product team you will be working on problem statements of…",none,20:51:07,21-01-11
197,Business Analyst - Speech Analytics,Sitel,"Mumbai, Maharashtra",https://in.indeed.com/rc/clk?jk=dbf3cd77cac827bd&fccid=9f7d74606c717e15&vjs=3,3.5,None,The candidate should have engineering background with 3-6 years of experience as a business analyst / pre-sales consultant in IT industry.,none,20:51:08,21-01-11
198,Business Analyst | 2 - 5 years | Thane,Applied Cloud Computing Pvt. Ltd.,"Mumbai, Maharashtra",https://in.indeed.com/company/Applied-Cloud-Computing/jobs/Business-Analyst-d28221adf441db8a?fccid=4262594b1cad1667&vjs=3,None,"₹2,50,000 a year"," Working alongside founders to establish and prioritize business information needs.
We will rely on you to build data products to extract valuable business…",Urgently hiring,20:51:08,21-01-11
199,Business Data Analyst / Business Systems Analyst,"JPMorgan Chase Bank, N.A.","Mumbai, Maharashtra",https://in.indeed.com/rc/clk?jk=de3b5c23bb95f4ca&fccid=aaf3b433897ea465&vjs=3,3.9,None,"Should know Writing User Stories, documenting cases, test cases, functional testing,.
Required Knowledge, Skills, and Abilities.",none,20:51:08,21-01-11
200,Business Analyst - West,Udaan,"Mumbai, Maharashtra",https://in.indeed.com/rc/clk?jk=bea757000db1851b&fccid=3c4b50d9382a2eea&vjs=3,3.9,None,"Complete all mandatory training,certifications as per the requirement of the business (Both customer and cognizant).
Team Lead|Team Manager.",none,20:51:08,21-01-11
201,IT-Business System Analyst,Axis Bank,"Mumbai, Maharashtra",https://in.indeed.com/company/Axis-Bank/jobs/IT-Business-System-Analyst-d256832e17c047a2?fccid=ebe92c1659c8371b&vjs=3,4.0,"₹6,00,000 - ₹8,00,000 a year","You can work well in teams and can communicated effectively both with internal teams and clients if necessary.
You will be responsible for :",none,20:51:08,21-01-11
202,Business Analyst,Ambab,"Mumbai, Maharashtra",https://in.indeed.com/rc/clk?jk=01bfbac2fed21933&fccid=c6bf9d739125dc16&vjs=3,None,None,"MBA or advanced degree in supply chain, business or engineering.
The Amazon EU Inbound Supply Chain team is looking for an exceptionally bright, talented, and…",none,20:51:08,21-01-11
203,Business Analyst,Growisto,"Mumbai, Maharashtra",https://in.indeed.com/rc/clk?jk=189928ab8837b577&fccid=70b39beac603df99&vjs=3,None,None,"Using SQL data queries, help answer specific business questions by writing a clear, usable project plan and executing with minimal guidance.",none,20:51:09,21-01-11
204,Business Analyst Manager - IT,Procter & Gamble,"Mumbai, Maharashtra",https://in.indeed.com/rc/clk?jk=7ad69479599e52ce&fccid=2da0dedf6df97194&vjs=3,4.2,None,"Founded in 2000, our business.
Markets, and competition at the rapid pace that the digital business world demands.
Sorry, no telephone calls please.",none,20:51:09,21-01-11
205,BIU Business Analyst,Axis Bank,"Mumbai, Maharashtra",https://in.indeed.com/company/Axis-Bank/jobs/Biu-Business-Analyst-24a2db91f965005a?fccid=ebe92c1659c8371b&vjs=3,4.0,"₹5,00,000 a year","Alternatively the candidate is from bank operations side who is completely aware of the processes (origination to closure), workflow, checks, business rules etc…",none,20:51:09,21-01-11
206,Business Analyst - Data Science,Sitel,"Mumbai, Maharashtra",https://in.indeed.com/rc/clk?jk=251aab5f0777f30e&fccid=9f7d74606c717e15&vjs=3,3.5,None,"Proven working experience as a business data analyst.
Build a robust understanding of the customer business focused towards opportunities to improve customers…",none,20:51:09,21-01-11
207,Business Analyst,Idealake Information Technologies,"Mumbai, Maharashtra",https://in.indeed.com/rc/clk?jk=72746c7f14a5f712&fccid=6474a770275d33e0&vjs=3,3.4,None,"With 506,000 people serving clients in more than 120 countries, Accenture brings continuous innovation to help clients improve their performance and create…",none,20:51:09,21-01-11
208,Analyst - Business Consulting Risk - CHS - Risk Assurance -...,EY,"Mumbai, Maharashtra",https://in.indeed.com/rc/clk?jk=4bc4676a57e8d7d7&fccid=1544766d4c2915b0&vjs=3,4.0,None,"Help the development team & QA team understand the business requirements.
Familiarity with the business processes of at least one of the verticals like…",none,20:51:09,21-01-11
209,Business Analyst,UBS,"Mumbai, Maharashtra",https://in.indeed.com/rc/clk?jk=04c9204acf221c9a&fccid=1c76c3a36f6c7557&vjs=3,3.9,None,"We build talented and diverse teams to drive business results and encourage our people to develop to their full potential.
What we'll offer you.",none,20:51:09,21-01-11
210,Business Analyst I,"JPMorgan Chase Bank, N.A.","Mumbai, Maharashtra",https://in.indeed.com/rc/clk?jk=c72f8910eece0d31&fccid=aaf3b433897ea465&vjs=3,3.9,None,"With 506,000 people serving clients in more than 120 countries, Accenture brings continuous innovation to help clients improve their performance and create…",none,20:51:10,21-01-11
211,Business Analyst,Morningstar,"Mumbai, Maharashtra",https://in.indeed.com/rc/clk?jk=24dabee9aad56b1c&fccid=eaabf52abd909bd5&vjs=3,3.9,None,We recognize that our people are our strength and the diverse talents they bring to our global workforce are directly linked to our success.,none,20:51:10,21-01-11
212,Business Analyst - Speech Analytics,Sitel,"Mumbai, Maharashtra",https://in.indeed.com/rc/clk?jk=dbf3cd77cac827bd&fccid=9f7d74606c717e15&vjs=3,3.5,None,"Analyze business data, identify key metrics trends & opportunities for business development.
Translate business requirements into functional requirements.",none,20:51:10,21-01-11
213,Business Analyst | 2 - 5 years | Thane,Applied Cloud Computing Pvt. Ltd.,"Mumbai, Maharashtra",https://in.indeed.com/company/Applied-Cloud-Computing/jobs/Business-Analyst-d28221adf441db8a?fccid=4262594b1cad1667&vjs=3,None,"₹2,50,000 a year","Able to formalize business requirements, ready for two way communication business communications up and technical communications down.
4-6 yrs of IT experience.",Urgently hiring,20:51:10,21-01-11
214,Business Data Analyst / Business Systems Analyst,"JPMorgan Chase Bank, N.A.","Mumbai, Maharashtra",https://in.indeed.com/rc/clk?jk=de3b5c23bb95f4ca&fccid=aaf3b433897ea465&vjs=3,3.9,None,"Provides shared service support for various News Corp Companies with the focus on the Indian business units.
Handles administration and support of the existing…",none,20:51:10,21-01-11
215,Business Analyst - West,Udaan,"Mumbai, Maharashtra",https://in.indeed.com/rc/clk?jk=bea757000db1851b&fccid=3c4b50d9382a2eea&vjs=3,3.9,None,"We build talented and diverse teams to drive business results and encourage our people to develop to their full potential.
What we’ll offer you:",none,20:51:10,21-01-11
216,IT-Business System Analyst,Axis Bank,"Mumbai, Maharashtra",https://in.indeed.com/company/Axis-Bank/jobs/IT-Business-System-Analyst-d256832e17c047a2?fccid=ebe92c1659c8371b&vjs=3,4.0,"₹6,00,000 - ₹8,00,000 a year","Generate Research Reports, Company Profiles, Business Analysis.
Building, Analyzing and Updating Financial Models.
Analyzing company's financial data.",none,20:51:11,21-01-11
217,Business Analyst,Ambab,"Mumbai, Maharashtra",https://in.indeed.com/rc/clk?jk=01bfbac2fed21933&fccid=c6bf9d739125dc16&vjs=3,None,None,"Experience in data collection and business research would be an advantage.
Perform root-cause analysis if data issues are identified.",none,20:51:11,21-01-11
218,Business Analyst,Growisto,"Mumbai, Maharashtra",https://in.indeed.com/rc/clk?jk=189928ab8837b577&fccid=70b39beac603df99&vjs=3,None,None,"Data gathering and quantitative and qualitative data analysis, including business process metrics and measures linking to business KPIs.",none,20:51:11,21-01-11
219,Business Analyst Manager - IT,Procter & Gamble,"Mumbai, Maharashtra",https://in.indeed.com/rc/clk?jk=7ad69479599e52ce&fccid=2da0dedf6df97194&vjs=3,4.2,None,"At Goldman Sachs, we commit our people, capital and ideas to help our clients, shareholders and the communities we serve to grow.",none,20:51:11,21-01-11
220,BIU Business Analyst,Axis Bank,"Mumbai, Maharashtra",https://in.indeed.com/company/Axis-Bank/jobs/Biu-Business-Analyst-24a2db91f965005a?fccid=ebe92c1659c8371b&vjs=3,4.0,"₹5,00,000 a year","Excellent problem solving and analytical skills - ability to develop hypotheses, understand and interpret data within the context of the product / business -…",none,20:51:11,21-01-11
221,Business Analyst - Data Science,Sitel,"Mumbai, Maharashtra",https://in.indeed.com/rc/clk?jk=251aab5f0777f30e&fccid=9f7d74606c717e15&vjs=3,3.5,None,Ability to identify discrepancies/issues in local implementation of corporate labels and contact the affiliates (if appropriate) for remediation actions.,none,20:51:11,21-01-11
222,Business Analyst,Idealake Information Technologies,"Mumbai, Maharashtra",https://in.indeed.com/rc/clk?jk=72746c7f14a5f712&fccid=6474a770275d33e0&vjs=3,3.4,None,"Design, develop and implement data science and business analytics models for problem solving.
Discuss with the Research Director, faculty mentor, industry…",none,20:51:11,21-01-11
223,Analyst - Business Consulting Risk - CHS - Risk Assurance -...,EY,"Mumbai, Maharashtra",https://in.indeed.com/rc/clk?jk=4bc4676a57e8d7d7&fccid=1544766d4c2915b0&vjs=3,4.0,None,"Good knowledge of SSIS (Not mandatory if the candidate has SQL & Big Data skills).
Ability to make business conclusions from data, connect scenarios & provide…",none,20:51:12,21-01-11
224,Business Analyst,UBS,"Mumbai, Maharashtra",https://in.indeed.com/rc/clk?jk=04c9204acf221c9a&fccid=1c76c3a36f6c7557&vjs=3,3.9,None,"Assist management with identifying new business expansion opportunities.
Work with management to prioritize business and information needs.",none,20:51:12,21-01-11
225,Business Analyst I,"JPMorgan Chase Bank, N.A.","Mumbai, Maharashtra",https://in.indeed.com/rc/clk?jk=c72f8910eece0d31&fccid=aaf3b433897ea465&vjs=3,3.9,None,Must Have Skills : SAP BusinessObjects Business Intelligence Good To Have Skills : Job Requirements : Key Responsibilities: a WEBI reports generation and…,none,20:51:12,21-01-11
226,Business Analyst,Morningstar,"Mumbai, Maharashtra",https://in.indeed.com/rc/clk?jk=24dabee9aad56b1c&fccid=eaabf52abd909bd5&vjs=3,3.9,None,The candidate needs to be able to work independently with IT and business groups and our validation services teams to get and keep projects moving along.,none,20:51:12,21-01-11
227,Business Analyst - Speech Analytics,Sitel,"Mumbai, Maharashtra",https://in.indeed.com/rc/clk?jk=dbf3cd77cac827bd&fccid=9f7d74606c717e15&vjs=3,3.5,None,"Validate data entered by external business partner,.
Good people and customer handling skills.
We are looking for some who should be open to work in any shift…",none,20:51:12,21-01-11
228,Business Analyst | 2 - 5 years | Thane,Applied Cloud Computing Pvt. Ltd.,"Mumbai, Maharashtra",https://in.indeed.com/company/Applied-Cloud-Computing/jobs/Business-Analyst-d28221adf441db8a?fccid=4262594b1cad1667&vjs=3,None,"₹2,50,000 a year","You will be required to utilize the existing frameworks, standards, patterns to create architectural foundation and services necessary for AI applications that…",Urgently hiring,20:51:12,21-01-11
229,Business Data Analyst / Business Systems Analyst,"JPMorgan Chase Bank, N.A.","Mumbai, Maharashtra",https://in.indeed.com/rc/clk?jk=de3b5c23bb95f4ca&fccid=aaf3b433897ea465&vjs=3,3.9,None,"Appropriately assess risk when business decisions are made, demonstrating particular consideration for the firm's reputation and safeguarding Citigroup, its…",none,20:51:13,21-01-11
230,Business Analyst - West,Udaan,"Mumbai, Maharashtra",https://in.indeed.com/rc/clk?jk=bea757000db1851b&fccid=3c4b50d9382a2eea&vjs=3,3.9,None,"Work with management to prioritize business and information needs.
Interpret data, analyze results using statistical techniques and provide ongoing reports.",none,20:51:13,21-01-11
231,IT-Business System Analyst,Axis Bank,"Mumbai, Maharashtra",https://in.indeed.com/company/Axis-Bank/jobs/IT-Business-System-Analyst-d256832e17c047a2?fccid=ebe92c1659c8371b&vjs=3,4.0,"₹6,00,000 - ₹8,00,000 a year","Strong understanding of financial concepts and business analysis.
Strong understanding of Indian corporate/ BFSI sectors and the general economic & business…",none,20:51:13,21-01-11
232,Business Analyst,Ambab,"Mumbai, Maharashtra",https://in.indeed.com/rc/clk?jk=01bfbac2fed21933&fccid=c6bf9d739125dc16&vjs=3,None,None,"Work with management to prioritize business and information needs.
The successful candidate will turn data into information, information into insight and…",none,20:51:13,21-01-11
233,Business Analyst,Growisto,"Mumbai, Maharashtra",https://in.indeed.com/rc/clk?jk=189928ab8837b577&fccid=70b39beac603df99&vjs=3,None,None,"While they continue to invest aggressively in its India centric mobile games, it is also diversifying its business by investing in the international gaming and…",none,20:51:13,21-01-11
234,Business Analyst Manager - IT,Procter & Gamble,"Mumbai, Maharashtra",https://in.indeed.com/rc/clk?jk=7ad69479599e52ce&fccid=2da0dedf6df97194&vjs=3,4.2,None,"As an analyst, what do you recommend?
As an analyst, do you think that makes sense?
As the analyst, what do you think we should do to involve the remaining 50% …",none,20:51:13,21-01-11
235,BIU Business Analyst,Axis Bank,"Mumbai, Maharashtra",https://in.indeed.com/company/Axis-Bank/jobs/Biu-Business-Analyst-24a2db91f965005a?fccid=ebe92c1659c8371b&vjs=3,4.0,"₹5,00,000 a year",The candidate should have engineering background with 3-6 years of experience as a business analyst / pre-sales consultant in IT industry.,none,20:51:14,21-01-11
236,Business Analyst - Data Science,Sitel,"Mumbai, Maharashtra",https://in.indeed.com/rc/clk?jk=251aab5f0777f30e&fccid=9f7d74606c717e15&vjs=3,3.5,None,"Develop models for cost estimates and what-if analysis to support resource requirement decisions.
Provide business intelligence, data analytics, metrics, and…",none,20:51:14,21-01-11
237,Business Analyst,Idealake Information Technologies,"Mumbai, Maharashtra",https://in.indeed.com/rc/clk?jk=72746c7f14a5f712&fccid=6474a770275d33e0&vjs=3,3.4,None,"Communicate with business leaders, financial officers and market representatives.
Advise businesses to buy or sell products based on market insights.",none,20:51:14,21-01-11
238,Analyst - Business Consulting Risk - CHS - Risk Assurance -...,EY,"Mumbai, Maharashtra",https://in.indeed.com/rc/clk?jk=4bc4676a57e8d7d7&fccid=1544766d4c2915b0&vjs=3,4.0,None,"We are energized by over 150 years of bringing people together with the food they love.
In a world that’s ever-changing, we look to stay ahead and seek people…",none,20:51:14,21-01-11
239,Business Analyst,UBS,"Mumbai, Maharashtra",https://in.indeed.com/rc/clk?jk=04c9204acf221c9a&fccid=1c76c3a36f6c7557&vjs=3,3.9,None,"Ability to work with business analysts, development managers, architects, infrastructure, and other developers to analyse business requirements, propose…",none,20:51:14,21-01-11
240,Business Analyst I,"JPMorgan Chase Bank, N.A.","Mumbai, Maharashtra",https://in.indeed.com/rc/clk?jk=c72f8910eece0d31&fccid=aaf3b433897ea465&vjs=3,3.9,None,Must have a minimum of 6-8 years of experience as sales operations / business analyst experience in the healthcare industry.,none,20:51:14,21-01-11
241,Business Analyst,Morningstar,"Mumbai, Maharashtra",https://in.indeed.com/rc/clk?jk=24dabee9aad56b1c&fccid=eaabf52abd909bd5&vjs=3,3.9,None,"Also responsible for augmentation of network capacity to meet growing customer needs, new technology introduction, or increasing operational efficiencies, with…",none,20:51:15,21-01-11
242,Business Analyst - Speech Analytics,Sitel,"Mumbai, Maharashtra",https://in.indeed.com/rc/clk?jk=dbf3cd77cac827bd&fccid=9f7d74606c717e15&vjs=3,3.5,None,"Flexible mindset, with the ability to shift focus, multi-task, and prioritize in a rapidly changing and sometimes unpredictable environment.",none,20:51:15,21-01-11
243,Business Analyst | 2 - 5 years | Thane,Applied Cloud Computing Pvt. Ltd.,"Mumbai, Maharashtra",https://in.indeed.com/company/Applied-Cloud-Computing/jobs/Business-Analyst-d28221adf441db8a?fccid=4262594b1cad1667&vjs=3,None,"₹2,50,000 a year","Exposure to SSAS and other OLAP tools/ MDX, DAX multi-dimensional reports.
Occasionally meet with the business to gather requirements and wear the Business…",Urgently hiring,20:51:15,21-01-11
244,Business Data Analyst / Business Systems Analyst,"JPMorgan Chase Bank, N.A.","Mumbai, Maharashtra",https://in.indeed.com/rc/clk?jk=de3b5c23bb95f4ca&fccid=aaf3b433897ea465&vjs=3,3.9,None,"Preferably within a digital business.
As part of the analyst for the corporate office and the data product team you will be working on problem statements of…",none,20:51:15,21-01-11
245,Business Analyst - West,Udaan,"Mumbai, Maharashtra",https://in.indeed.com/rc/clk?jk=bea757000db1851b&fccid=3c4b50d9382a2eea&vjs=3,3.9,None,"Experience in documenting business requirements (BRD), reviewing and/or preparing functional specifications.
Lead Consultant – Ledger Business Analyst.",none,20:51:15,21-01-11
246,IT-Business System Analyst,Axis Bank,"Mumbai, Maharashtra",https://in.indeed.com/company/Axis-Bank/jobs/IT-Business-System-Analyst-d256832e17c047a2?fccid=ebe92c1659c8371b&vjs=3,4.0,"₹6,00,000 - ₹8,00,000 a year","Every day FedEx delivers for its customers with transportation and business solutions, serving more than 220 countries and territories around the globe.",none,20:51:15,21-01-11
247,Business Analyst,Ambab,"Mumbai, Maharashtra",https://in.indeed.com/rc/clk?jk=01bfbac2fed21933&fccid=c6bf9d739125dc16&vjs=3,None,None,"Collaborates with end users and business analysts in the design and development of custom.
Business Intelligence (BI) dashboards, metrics and reports.",none,20:51:15,21-01-11
248,Business Analyst,Growisto,"Mumbai, Maharashtra",https://in.indeed.com/rc/clk?jk=189928ab8837b577&fccid=70b39beac603df99&vjs=3,None,None,"12-14 years of relevant experience as a business analyst, product manager or similar in a technical environment.
Works to mitigate all the scope related risks..",none,20:51:16,21-01-11
249,Business Analyst Manager - IT,Procter & Gamble,"Mumbai, Maharashtra",https://in.indeed.com/rc/clk?jk=7ad69479599e52ce&fccid=2da0dedf6df97194&vjs=3,4.2,None,"Develops SSIS packages to automate existing reporting and business processes.
Administer and manage Power BI Premium capacity.",none,20:51:16,21-01-11
250,BIU Business Analyst,Axis Bank,"Mumbai, Maharashtra",https://in.indeed.com/company/Axis-Bank/jobs/Biu-Business-Analyst-24a2db91f965005a?fccid=ebe92c1659c8371b&vjs=3,4.0,"₹5,00,000 a year","It counts over 2 million small businesses across 18 cities and towns as its customers.
Our client is an innovative Fintech company that is revolutionizing the…",none,20:51:16,21-01-11
251,Business Analyst - Data Science,Sitel,"Mumbai, Maharashtra",https://in.indeed.com/rc/clk?jk=251aab5f0777f30e&fccid=9f7d74606c717e15&vjs=3,3.5,None,"Assess loan worthiness and review financial statements.
Configure financial data and documents in the ERP system.
Generate final agreements for execution.",none,20:51:16,21-01-11
252,Business Analyst,Idealake Information Technologies,"Mumbai, Maharashtra",https://in.indeed.com/rc/clk?jk=72746c7f14a5f712&fccid=6474a770275d33e0&vjs=3,3.4,None,"5+ years Business Intelligence / Analytics experience.
Experience in all phases of IT project implementation & different project methodologies – Waterfall &…",none,20:51:16,21-01-11
253,Analyst - Business Consulting Risk - CHS - Risk Assurance -...,EY,"Mumbai, Maharashtra",https://in.indeed.com/rc/clk?jk=4bc4676a57e8d7d7&fccid=1544766d4c2915b0&vjs=3,4.0,None,"Good people and customer handling skills.
We are looking for some who should be open to work in any shift as per the business requirement.",none,20:51:16,21-01-11
254,Business Analyst,UBS,"Mumbai, Maharashtra",https://in.indeed.com/rc/clk?jk=04c9204acf221c9a&fccid=1c76c3a36f6c7557&vjs=3,3.9,None,"Translates business information needs into Functional requirements and writes Functional Specifications, and obtains business sign-off.",none,20:51:17,21-01-11
255,Business Analyst I,"JPMorgan Chase Bank, N.A.","Mumbai, Maharashtra",https://in.indeed.com/rc/clk?jk=c72f8910eece0d31&fccid=aaf3b433897ea465&vjs=3,3.9,None,"Ability to multi-task and handle a high volume of work.
Global Financial Crimes is responsible for the development and governance of the Firm’s financial crime…",none,20:51:17,21-01-11
256,Business Analyst,Morningstar,"Mumbai, Maharashtra",https://in.indeed.com/rc/clk?jk=24dabee9aad56b1c&fccid=eaabf52abd909bd5&vjs=3,3.9,None,"You will be comfortable working as part of a multi-disciplinary team, where you operate collaboratively with clients to help them digitize their business…",none,20:51:17,21-01-11
257,Business Analyst - Speech Analytics,Sitel,"Mumbai, Maharashtra",https://in.indeed.com/rc/clk?jk=dbf3cd77cac827bd&fccid=9f7d74606c717e15&vjs=3,3.5,None,"Strong ability to define and document business and functional requirements, business process maps (""As-Is/To be"") flows and diagrams.",none,20:51:17,21-01-11
258,Business Analyst | 2 - 5 years | Thane,Applied Cloud Computing Pvt. Ltd.,"Mumbai, Maharashtra",https://in.indeed.com/company/Applied-Cloud-Computing/jobs/Business-Analyst-d28221adf441db8a?fccid=4262594b1cad1667&vjs=3,None,"₹2,50,000 a year",Data analyst responsibilities include conducting full lifecycle analysis of the large volumes of financial and operating data that are collected across our…,Urgently hiring,20:51:17,21-01-11
259,Business Data Analyst / Business Systems Analyst,"JPMorgan Chase Bank, N.A.","Mumbai, Maharashtra",https://in.indeed.com/rc/clk?jk=de3b5c23bb95f4ca&fccid=aaf3b433897ea465&vjs=3,3.9,None,"4+ years of Power BI experience.
5+ years Business Intelligence / Analytics experience.
Experience in all phases of IT project implementation & different…",none,20:51:17,21-01-11
260,Business Analyst - West,Udaan,"Mumbai, Maharashtra",https://in.indeed.com/rc/clk?jk=bea757000db1851b&fccid=3c4b50d9382a2eea&vjs=3,3.9,None,"EClerx employs 9,500-plus people across its global sites in the US, UK, India, Italy, Germany, Singapore, and Thailand.
Data quality check and correction.",none,20:51:18,21-01-11
261,IT-Business System Analyst,Axis Bank,"Mumbai, Maharashtra",https://in.indeed.com/company/Axis-Bank/jobs/IT-Business-System-Analyst-d256832e17c047a2?fccid=ebe92c1659c8371b&vjs=3,4.0,"₹6,00,000 - ₹8,00,000 a year","Ability to multi-task and manage competing priorities/workflows.
Researching and implementing new solutions that help solve business problems.",none,20:51:18,21-01-11
262,Business Analyst,Ambab,"Mumbai, Maharashtra",https://in.indeed.com/rc/clk?jk=01bfbac2fed21933&fccid=c6bf9d739125dc16&vjs=3,None,None,"Proven problem-solving skills with capacity to multi-task, deliver high quality results and respond quickly and effectively to requests.",none,20:51:18,21-01-11
263,Business Analyst,Growisto,"Mumbai, Maharashtra",https://in.indeed.com/rc/clk?jk=189928ab8837b577&fccid=70b39beac603df99&vjs=3,None,None,": Role : Application Developer Role Description : Design, build and configure applications to meet business process and application requirements.",none,20:51:18,21-01-11
264,Business Analyst Manager - IT,Procter & Gamble,"Mumbai, Maharashtra",https://in.indeed.com/rc/clk?jk=7ad69479599e52ce&fccid=2da0dedf6df97194&vjs=3,4.2,None,"Must have Skills : Individual Life Insurance, Personal Insurance Good to Have Skills : Job Requirements : 1 Responsibilities a Life and annuities background b…",none,20:51:18,21-01-11
265,BIU Business Analyst,Axis Bank,"Mumbai, Maharashtra",https://in.indeed.com/company/Axis-Bank/jobs/Biu-Business-Analyst-24a2db91f965005a?fccid=ebe92c1659c8371b&vjs=3,4.0,"₹5,00,000 a year",We recognize that our people are our strength and the diverse talents they bring to our global workforce are directly linked to our success.,none,20:51:18,21-01-11
266,Business Analyst - Data Science,Sitel,"Mumbai, Maharashtra",https://in.indeed.com/rc/clk?jk=251aab5f0777f30e&fccid=9f7d74606c717e15&vjs=3,3.5,None,"Do QA with test cases on our Apps.
A/B Test our website as a lead generation engine.
A/B test our email and text message marketing campaigns.",none,20:51:18,21-01-11
267,Business Analyst,Idealake Information Technologies,"Mumbai, Maharashtra",https://in.indeed.com/rc/clk?jk=72746c7f14a5f712&fccid=6474a770275d33e0&vjs=3,3.4,None,"Must have Skills : Individual Life Insurance, Personal Insurance Good to Have Skills : Job Requirements : 1 Responsibilities a Life and annuities background b…",none,20:51:19,21-01-11
268,Analyst - Business Consulting Risk - CHS - Risk Assurance -...,EY,"Mumbai, Maharashtra",https://in.indeed.com/rc/clk?jk=4bc4676a57e8d7d7&fccid=1544766d4c2915b0&vjs=3,4.0,None,"You will be required to utilize the existing frameworks, standards, patterns to create architectural foundation and services necessary for AI applications that…",none,20:51:19,21-01-11
269,Business Analyst,UBS,"Mumbai, Maharashtra",https://in.indeed.com/rc/clk?jk=04c9204acf221c9a&fccid=1c76c3a36f6c7557&vjs=3,3.9,None,"If you do not hear from us in the next 5 business days, we regret to inform you that your application for this position was unsuccessful.",none,20:51:19,21-01-11
270,Business Analyst I,"JPMorgan Chase Bank, N.A.","Mumbai, Maharashtra",https://in.indeed.com/rc/clk?jk=c72f8910eece0d31&fccid=aaf3b433897ea465&vjs=3,3.9,None,"5-10yrs Business Analyst /Data Analyst with experience in accounting domain .
Understanding of accounting - General Ledger, Basic journal entries, Charts of…",none,20:51:19,21-01-11
271,Business Analyst,Morningstar,"Mumbai, Maharashtra",https://in.indeed.com/rc/clk?jk=24dabee9aad56b1c&fccid=eaabf52abd909bd5&vjs=3,3.9,None,"Every day FedEx delivers for its customers with transportation and business solutions, serving more than 220 countries and territories around the globe.",none,20:51:19,21-01-11
272,Business Analyst - Speech Analytics,Sitel,"Mumbai, Maharashtra",https://in.indeed.com/rc/clk?jk=dbf3cd77cac827bd&fccid=9f7d74606c717e15&vjs=3,3.5,None,"Experienced in understanding the business needs, translate business requirements into analytical solutions.
Maintenance of existing reports and dashboards for…",none,20:51:19,21-01-11
273,Business Analyst | 2 - 5 years | Thane,Applied Cloud Computing Pvt. Ltd.,"Mumbai, Maharashtra",https://in.indeed.com/company/Applied-Cloud-Computing/jobs/Business-Analyst-d28221adf441db8a?fccid=4262594b1cad1667&vjs=3,None,"₹2,50,000 a year","Must have Skills : Individual Life Insurance, Personal Insurance Good to Have Skills : Job Requirements : 1 Responsibilities a Life and annuities background b…",Urgently hiring,20:51:20,21-01-11
274,Business Data Analyst / Business Systems Analyst,"JPMorgan Chase Bank, N.A.","Mumbai, Maharashtra",https://in.indeed.com/rc/clk?jk=de3b5c23bb95f4ca&fccid=aaf3b433897ea465&vjs=3,3.9,None,"Must have Skills : Individual Life Insurance, Personal Insurance Good to Have Skills : Job Requirements : 1 Responsibilities a Life and annuities background b…",none,20:51:20,21-01-11
